-- MySQL dump 10.15  Distrib 10.0.21-MariaDB, for Linux (x86_64)
--
-- Host: localhost    Database: cora_testdev
-- ------------------------------------------------------
-- Server version	10.0.21-MariaDB

/*!40101 SET @OLD_CHARACTER_SET_CLIENT=@@CHARACTER_SET_CLIENT */;
/*!40101 SET @OLD_CHARACTER_SET_RESULTS=@@CHARACTER_SET_RESULTS */;
/*!40101 SET @OLD_COLLATION_CONNECTION=@@COLLATION_CONNECTION */;
/*!40101 SET NAMES utf8 */;
/*!40103 SET @OLD_TIME_ZONE=@@TIME_ZONE */;
/*!40103 SET TIME_ZONE='+00:00' */;
/*!40014 SET @OLD_FOREIGN_KEY_CHECKS=@@FOREIGN_KEY_CHECKS, FOREIGN_KEY_CHECKS=0 */;
/*!40101 SET @OLD_SQL_MODE=@@SQL_MODE, SQL_MODE='NO_AUTO_VALUE_ON_ZERO' */;
/*!40111 SET @OLD_SQL_NOTES=@@SQL_NOTES, SQL_NOTES=0 */;

--
-- Dumping data for table `col`
--

LOCK TABLES `col` WRITE;
/*!40000 ALTER TABLE `col` DISABLE KEYS */;
REPLACE INTO `col` (`id`, `page_id`, `num`, `name`) VALUES (1,1,1,''),(2,2,2,''),(3,3,3,''),(4,4,4,'a'),(5,4,5,'b'),(6,4,6,'c'),(7,5,7,''),(8,6,8,''),(9,7,9,'a'),(10,7,10,'b'),(11,8,1,''),(12,9,2,''),(13,10,3,''),(14,11,4,'a'),(15,11,5,'b'),(16,11,6,'c'),(17,12,7,''),(18,13,8,''),(19,14,9,'a'),(20,14,10,'b'),(21,15,1,''),(22,16,1,''),(23,17,2,''),(24,18,3,''),(25,19,4,'a'),(26,19,5,'b'),(27,19,6,'c'),(28,20,7,''),(29,21,8,''),(30,22,9,'a'),(31,22,10,'b'),(32,23,1,'');
/*!40000 ALTER TABLE `col` ENABLE KEYS */;
UNLOCK TABLES;

--
-- Dumping data for table `comment`
--

LOCK TABLES `comment` WRITE;
/*!40000 ALTER TABLE `comment` DISABLE KEYS */;
REPLACE INTO `comment` (`id`, `tok_id`, `value`, `comment_type`) VALUES (1,189,'Tintenfleck','K'),(2,199,'sic','K'),(3,392,'Tintenfleck','K'),(4,402,'sic','K'),(5,636,'Tintenfleck','K'),(6,646,'sic','K');
/*!40000 ALTER TABLE `comment` ENABLE KEYS */;
UNLOCK TABLES;

--
-- Dumping data for table `dipl`
--

LOCK TABLES `dipl` WRITE;
/*!40000 ALTER TABLE `dipl` DISABLE KEYS */;
REPLACE INTO `dipl` (`id`, `tok_id`, `line_id`, `utf`, `trans`) VALUES (1,2,1,'Jemand','Jemand'),(2,3,1,'mußte','mußte'),(3,4,1,'Josef','Josef'),(4,5,1,'K.','K.'),(5,6,1,'verleumdet','verleumdet'),(6,7,1,'haben,','haben,'),(7,8,1,'denn','denn'),(8,9,1,'ohne','ohne'),(9,10,1,'daß','daß'),(10,11,1,'er','er'),(11,12,2,'etwas','etwas'),(12,13,3,'Böses','Böses'),(13,14,3,'getan','getan'),(14,15,3,'hätte,','hätte,'),(15,16,3,'wurde','wurde'),(16,17,3,'er','er'),(17,18,3,'eines','eines'),(18,19,3,'Morgens','Morgens'),(19,20,3,'verhaftet.','verhaftet.'),(20,21,4,'Die','Die'),(21,22,4,'Köchin','Köchin'),(22,23,4,'der','der'),(23,24,4,'Frau','Frau'),(24,25,4,'Grubach,','Grubach,'),(25,26,4,'seiner','seiner'),(26,27,4,'Zimmervermieterin,','Zimmervermieterin,'),(27,28,5,'die','die'),(28,29,5,'ihm','ihm'),(29,30,5,'jeden','jeden'),(30,31,5,'Tag','Tag'),(31,32,5,'gegen','gegen'),(32,33,5,'acht','acht'),(33,34,5,'Uhr','Uhr'),(34,35,5,'früh','früh'),(35,36,5,'das','das'),(36,37,5,'Frühstück','Frühstück'),(37,38,5,'brachte,','brachte,'),(38,39,6,'kam','kam'),(39,40,6,'diesmal','diesmal'),(40,41,6,'nicht.','nicht.'),(41,42,6,'Das','Das'),(42,43,6,'war','war'),(43,44,6,'noch','noch'),(44,45,6,'niemals','niemals'),(45,46,6,'geschehen.','geschehen.'),(46,47,6,'K.','K.'),(47,48,6,'wartete','wartete'),(48,49,7,'noch','noch'),(49,50,7,'ein','ein'),(50,51,7,'Weilchen,','Weilchen,'),(51,52,7,'sah','sah'),(52,53,7,'von','von'),(53,54,7,'seinem','seinem'),(54,55,7,'Kopfkissen','Kopfkissen'),(55,56,7,'aus','aus'),(56,57,7,'die','die'),(57,58,7,'alte','alte'),(58,59,7,'Frau,','Frau,'),(59,60,8,'die','die'),(60,61,8,'ihm','ihm'),(61,62,8,'gegenüber','gegenüber'),(62,63,8,'wohnte','wohnte'),(63,64,8,'und','und'),(64,65,8,'die','die'),(65,66,8,'ihn','ihn'),(66,67,8,'mit','mit'),(67,68,8,'einer','einer'),(68,69,8,'an','an'),(69,70,8,'ihr','ihr'),(70,71,8,'ganz','ganz'),(71,72,9,'ungewöhnlichen','ungewöhnlichen'),(72,73,9,'Neugierde','Neugierde'),(73,74,9,'beobachtete,','beobachtete,'),(74,75,9,'dann','dann'),(75,76,9,'aber,','aber,'),(76,77,9,'gleichzeitig','gleichzeitig'),(77,78,10,'befremdet','befremdet'),(78,79,10,'und','und'),(79,80,10,'hungrig,','hungrig,'),(80,81,10,'läutete','läutete'),(81,82,10,'er.','er.'),(82,83,11,'Sofort','Sofort'),(83,84,11,'klopfte','klopfte'),(84,85,11,'es','es'),(85,86,11,'und','und'),(86,87,11,'ein','ein'),(87,88,11,'Mann,','Mann,'),(88,89,11,'dener','den|er'),(89,90,11,'in','in'),(90,91,11,'dieser','dieser'),(91,92,11,'Wohnung','Wohnung'),(92,93,12,'noch','noch'),(93,94,12,'niemals','n|i|e|m|a|l|s'),(94,95,12,'gesehen','gesehen'),(95,96,12,'hatte,','hatte,'),(96,97,13,'trat','trat'),(97,98,13,'ein.','ein.'),(98,99,13,'Er','Er'),(99,100,13,'war','war'),(100,101,13,'schlank','schlank'),(101,102,13,'und','und'),(102,103,13,'doch','doch'),(103,104,13,'fest','fest'),(104,105,13,'ge','ge#'),(105,105,13,'baut,','baut,'),(106,106,13,'er','er'),(107,107,13,'trug','trug'),(108,108,13,'ein','ein'),(109,109,13,'an','an#'),(110,109,13,'liegendes','liegendes'),(111,110,13,'schwarzes','schwarzes'),(112,111,13,'Kleid,','Kleid,'),(113,112,14,'das,','das,'),(114,113,14,'ähnlich','ähnlich'),(115,114,14,'den','den'),(116,115,14,'Reise','Reise#'),(117,115,14,'an','an#'),(118,115,14,'züg','züg#'),(119,115,14,'en,','en,'),(120,116,14,'mit','mit'),(121,117,14,'verschiedenen','verschiedenen'),(122,118,14,'Falten,','Falten,'),(123,119,15,'Taschen,','Taschen,'),(124,120,15,'Schnallen,','Schnallen,'),(125,121,15,'Knöpfen','Knöpfen'),(126,122,15,'und','und'),(127,123,15,'einem','einem'),(128,124,15,'Gürtel','Gürtel'),(129,125,15,'versehen','versehen'),(130,126,15,'war','war'),(131,127,15,'und','und'),(132,128,15,'in','in#'),(133,128,15,'folgedessen,','folge|dessen,'),(134,129,16,'ohne','ohne'),(135,130,16,'daß','daß'),(136,131,16,'man','man'),(137,132,16,'sich','sich'),(138,133,16,'dar=','dar='),(139,133,17,'über','über'),(140,134,17,'klar','klar'),(141,135,17,'wurde,','wurde,'),(142,136,17,'wozu','wozu'),(143,137,17,'es','es'),(144,138,17,'dienen','dienen'),(145,139,17,'sollte,','sollte,'),(146,140,17,'be','be#'),(147,140,17,'son','son#'),(148,140,17,'dersprak','ders|prak#'),(149,140,17,'tisch','tisch'),(150,141,17,'erschien.','erschien.'),(151,142,18,'Es','Es'),(152,143,18,'fiel','fiel'),(153,144,18,'ihm','ihm'),(154,145,18,'zwar','zwar'),(155,146,18,'gleich','gleich'),(156,147,18,'ein,','ein,'),(157,148,18,'daß','daß'),(158,149,18,'er','er'),(159,150,18,'das','das'),(160,151,18,'nicht','nicht'),(161,152,18,'hätte','hätte'),(162,153,18,'laut','laut'),(163,154,18,'sagen','sagen'),(164,155,18,'müssen','müssen'),(165,156,18,'und','und'),(166,157,18,'daß','daß'),(167,158,18,'er','er'),(168,159,18,'dadurchge','dadurch|ge#'),(169,159,18,'wisser=','wisser='),(170,159,19,'maßen','maßen'),(171,160,19,'ein','ein'),(172,161,19,'Be','Be(=)'),(173,161,20,'aufsichtigungs','aufsichtigungs(=)'),(174,161,21,'recht','recht'),(175,162,22,'des','des'),(176,163,22,'Fremden','Fremden'),(177,164,22,'anerkannte,','anerkannte,'),(178,165,22,'aber','aber'),(179,166,22,'es','es'),(180,167,22,'schein','*[schein*]'),(181,168,22,'schien','schien'),(182,169,22,'ihm','ihm'),(183,170,22,'jetzt','jetzt'),(184,171,22,'nicht','nicht'),(185,172,22,'wichtig.','wichtig.'),(186,173,23,'Wir','Wir'),(187,174,23,'sind','sind'),(188,175,23,'nicht','nicht'),(189,176,23,'dazu','dazu'),(190,177,23,'bestellt,','bestellt,'),(191,178,23,'Ihnen','Ihnen'),(192,179,23,'das','das'),(193,180,23,'zu','zu'),(194,181,23,'sagen.','sagen.'),(195,182,24,'Gehen','Gehen'),(196,183,25,'Sie','Sie'),(197,184,25,'in','in'),(198,185,25,'Ihr','Ihr'),(199,186,25,'Zimmer','Zimmer'),(200,187,25,'und','und'),(201,188,25,'warten','warten'),(202,189,25,'Sie.','Sie.'),(203,190,25,'Das','Das'),(204,191,25,'Verfahren','Verfahren'),(205,192,26,'ist','ist'),(206,193,26,'nun','nun'),(207,194,26,'einmal','einmal'),(208,195,26,'eingeleitet,','eingeleitet,'),(209,196,26,'und','und'),(210,197,26,'Sie','Sie'),(211,198,26,'werden','werden'),(212,199,26,'alles','alles'),(213,200,27,'zur','zur'),(214,201,27,'richtigen','richtigen'),(215,202,27,'Zeit','Zeit'),(216,203,27,'erfahren.','erfahren.'),(217,205,28,'Jemand','Jemand'),(218,206,28,'mußte','mußte'),(219,207,28,'Josef','Josef'),(220,208,28,'K.','K.'),(221,209,28,'verleumdet','verleumdet'),(222,210,28,'haben,','haben,'),(223,211,28,'denn','denn'),(224,212,28,'ohne','ohne'),(225,213,28,'daß','daß'),(226,214,28,'er','er'),(227,215,29,'etwas','etwas'),(228,216,30,'Böses','Böses'),(229,217,30,'getan','getan'),(230,218,30,'hätte,','hätte,'),(231,219,30,'wurde','wurde'),(232,220,30,'er','er'),(233,221,30,'eines','eines'),(234,222,30,'Morgens','Morgens'),(235,223,30,'verhaftet.','verhaftet.'),(236,224,31,'Die','Die'),(237,225,31,'Köchin','Köchin'),(238,226,31,'der','der'),(239,227,31,'Frau','Frau'),(240,228,31,'Grubach,','Grubach,'),(241,229,31,'seiner','seiner'),(242,230,31,'Zimmervermieterin,','Zimmervermieterin,'),(243,231,32,'die','die'),(244,232,32,'ihm','ihm'),(245,233,32,'jeden','jeden'),(246,234,32,'Tag','Tag'),(247,235,32,'gegen','gegen'),(248,236,32,'acht','acht'),(249,237,32,'Uhr','Uhr'),(250,238,32,'früh','früh'),(251,239,32,'das','das'),(252,240,32,'Frühstück','Frühstück'),(253,241,32,'brachte,','brachte,'),(254,242,33,'kam','kam'),(255,243,33,'diesmal','diesmal'),(256,244,33,'nicht.','nicht.'),(257,245,33,'Das','Das'),(258,246,33,'war','war'),(259,247,33,'noch','noch'),(260,248,33,'niemals','niemals'),(261,249,33,'geschehen.','geschehen.'),(262,250,33,'K.','K.'),(263,251,33,'wartete','wartete'),(264,252,34,'noch','noch'),(265,253,34,'ein','ein'),(266,254,34,'Weilchen,','Weilchen,'),(267,255,34,'sah','sah'),(268,256,34,'von','von'),(269,257,34,'seinem','seinem'),(270,258,34,'Kopfkissen','Kopfkissen'),(271,259,34,'aus','aus'),(272,260,34,'die','die'),(273,261,34,'alte','alte'),(274,262,34,'Frau,','Frau,'),(275,263,35,'die','die'),(276,264,35,'ihm','ihm'),(277,265,35,'gegenüber','gegenüber'),(278,266,35,'wohnte','wohnte'),(279,267,35,'und','und'),(280,268,35,'die','die'),(281,269,35,'ihn','ihn'),(282,270,35,'mit','mit'),(283,271,35,'einer','einer'),(284,272,35,'an','an'),(285,273,35,'ihr','ihr'),(286,274,35,'ganz','ganz'),(287,275,36,'ungewöhnlichen','ungewöhnlichen'),(288,276,36,'Neugierde','Neugierde'),(289,277,36,'beobachtete,','beobachtete,'),(290,278,36,'dann','dann'),(291,279,36,'aber,','aber,'),(292,280,36,'gleichzeitig','gleichzeitig'),(293,281,37,'befremdet','befremdet'),(294,282,37,'und','und'),(295,283,37,'hungrig,','hungrig,'),(296,284,37,'läutete','läutete'),(297,285,37,'er.','er.'),(298,286,38,'Sofort','Sofort'),(299,287,38,'klopfte','klopfte'),(300,288,38,'es','es'),(301,289,38,'und','und'),(302,290,38,'ein','ein'),(303,291,38,'Mann,','Mann,'),(304,292,38,'dener','den|er'),(305,293,38,'in','in'),(306,294,38,'dieser','dieser'),(307,295,38,'Wohnung','Wohnung'),(308,296,39,'noch','noch'),(309,297,39,'niemals','n|i|e|m|a|l|s'),(310,298,39,'gesehen','gesehen'),(311,299,39,'hatte,','hatte,'),(312,300,40,'trat','trat'),(313,301,40,'ein.','ein.'),(314,302,40,'Er','Er'),(315,303,40,'war','war'),(316,304,40,'schlank','schlank'),(317,305,40,'und','und'),(318,306,40,'doch','doch'),(319,307,40,'fest','fest'),(320,308,40,'ge','ge#'),(321,308,40,'baut,','baut,'),(322,309,40,'er','er'),(323,310,40,'trug','trug'),(324,311,40,'ein','ein'),(325,312,40,'an','an#'),(326,312,40,'liegendes','liegendes'),(327,313,40,'schwarzes','schwarzes'),(328,314,40,'Kleid,','Kleid,'),(329,315,41,'das,','das,'),(330,316,41,'ähnlich','ähnlich'),(331,317,41,'den','den'),(332,318,41,'Reise','Reise#'),(333,318,41,'an','an#'),(334,318,41,'züg','züg#'),(335,318,41,'en,','en,'),(336,319,41,'mit','mit'),(337,320,41,'verschiedenen','verschiedenen'),(338,321,41,'Falten,','Falten,'),(339,322,42,'Taschen,','Taschen,'),(340,323,42,'Schnallen,','Schnallen,'),(341,324,42,'Knöpfen','Knöpfen'),(342,325,42,'und','und'),(343,326,42,'einem','einem'),(344,327,42,'Gürtel','Gürtel'),(345,328,42,'versehen','versehen'),(346,329,42,'war','war'),(347,330,42,'und','und'),(348,331,42,'in','in#'),(349,331,42,'folgedessen,','folge|dessen,'),(350,332,43,'ohne','ohne'),(351,333,43,'daß','daß'),(352,334,43,'man','man'),(353,335,43,'sich','sich'),(354,336,43,'dar=','dar='),(355,336,44,'über','über'),(356,337,44,'klar','klar'),(357,338,44,'wurde,','wurde,'),(358,339,44,'wozu','wozu'),(359,340,44,'es','es'),(360,341,44,'dienen','dienen'),(361,342,44,'sollte,','sollte,'),(362,343,44,'be','be#'),(363,343,44,'son','son#'),(364,343,44,'dersprak','ders|prak#'),(365,343,44,'tisch','tisch'),(366,344,44,'erschien.','erschien.'),(367,345,45,'Es','Es'),(368,346,45,'fiel','fiel'),(369,347,45,'ihm','ihm'),(370,348,45,'zwar','zwar'),(371,349,45,'gleich','gleich'),(372,350,45,'ein,','ein,'),(373,351,45,'daß','daß'),(374,352,45,'er','er'),(375,353,45,'das','das'),(376,354,45,'nicht','nicht'),(377,355,45,'hätte','hätte'),(378,356,45,'laut','laut'),(379,357,45,'sagen','sagen'),(380,358,45,'müssen','müssen'),(381,359,45,'und','und'),(382,360,45,'daß','daß'),(383,361,45,'er','er'),(384,362,45,'dadurchge','dadurch|ge#'),(385,362,45,'wisser=','wisser='),(386,362,46,'maßen','maßen'),(387,363,46,'ein','ein'),(388,364,46,'Be','Be(=)'),(389,364,47,'aufsichtigungs','aufsichtigungs(=)'),(390,364,48,'recht','recht'),(391,365,49,'des','des'),(392,366,49,'Fremden','Fremden'),(393,367,49,'anerkannte,','anerkannte,'),(394,368,49,'aber','aber'),(395,369,49,'es','es'),(396,370,49,'schein','*[schein*]'),(397,371,49,'schien','schien'),(398,372,49,'ihm','ihm'),(399,373,49,'jetzt','jetzt'),(400,374,49,'nicht','nicht'),(401,375,49,'wichtig.','wichtig.'),(402,376,50,'Wir','Wir'),(403,377,50,'sind','sind'),(404,378,50,'nicht','nicht'),(405,379,50,'dazu','dazu'),(406,380,50,'bestellt,','bestellt,'),(407,381,50,'Ihnen','Ihnen'),(408,382,50,'das','das'),(409,383,50,'zu','zu'),(410,384,50,'sagen.','sagen.'),(411,385,51,'Gehen','Gehen'),(412,386,52,'Sie','Sie'),(413,387,52,'in','in'),(414,388,52,'Ihr','Ihr'),(415,389,52,'Zimmer','Zimmer'),(416,390,52,'und','und'),(417,391,52,'warten','warten'),(418,392,52,'Sie.','Sie.'),(419,393,52,'Das','Das'),(420,394,52,'Verfahren','Verfahren'),(421,395,53,'ist','ist'),(422,396,53,'nun','nun'),(423,397,53,'einmal','einmal'),(424,398,53,'eingeleitet,','eingeleitet,'),(425,399,53,'und','und'),(426,400,53,'Sie','Sie'),(427,401,53,'werden','werden'),(428,402,53,'alles','alles'),(429,403,54,'zur','zur'),(430,404,54,'richtigen','richtigen'),(431,405,54,'Zeit','Zeit'),(432,406,54,'erfahren.','erfahren.'),(433,408,55,'','Jemand'),(434,409,55,'','mußte'),(435,410,55,'','Josef'),(436,411,55,'','K.'),(437,412,55,'','verleumdet'),(438,413,55,'','haben,'),(439,414,55,'','denn'),(440,415,55,'','ohne'),(441,416,55,'','daß'),(442,417,55,'','er'),(443,418,55,'','etwas'),(444,419,55,'','Böses'),(445,420,55,'','getan'),(446,421,55,'','hätte,'),(447,422,55,'','wurde'),(448,423,55,'','er'),(449,424,55,'','eines'),(450,425,55,'','Morgens'),(451,426,55,'','verhaftet.'),(452,427,55,'','Die'),(453,428,55,'','Köchin'),(454,429,55,'','der'),(455,430,55,'','Frau'),(456,431,55,'','Grubach,'),(457,432,55,'','seiner'),(458,433,55,'','Zimmervermieterin,'),(459,434,55,'','die'),(460,435,55,'','ihm'),(461,436,55,'','jeden'),(462,437,55,'','Tag'),(463,438,55,'','gegen'),(464,439,55,'','acht'),(465,440,55,'','Uhr'),(466,441,55,'','früh'),(467,442,55,'','das'),(468,443,55,'','Frühstück'),(469,444,55,'','brachte,'),(470,445,55,'','kam'),(471,446,55,'','diesmal'),(472,447,55,'','nicht.'),(473,449,56,'Jemand','Jemand'),(474,450,56,'mußte','mußte'),(475,451,56,'Josef','Josef'),(476,452,56,'K.','K.'),(477,453,56,'verleumdet','verleumdet'),(478,454,56,'haben,','haben,'),(479,455,56,'denn','denn'),(480,456,56,'ohne','ohne'),(481,457,56,'daß','daß'),(482,458,56,'er','er'),(483,459,57,'etwas','etwas'),(484,460,58,'Böses','Böses'),(485,461,58,'getan','getan'),(486,462,58,'hätte,','hätte,'),(487,463,58,'wurde','wurde'),(488,464,58,'er','er'),(489,465,58,'eines','eines'),(490,466,58,'Morgens','Morgens'),(491,467,58,'verhaftet.','verhaftet.'),(492,468,59,'Die','Die'),(493,469,59,'Köchin','Köchin'),(494,470,59,'der','der'),(495,471,59,'Frau','Frau'),(496,472,59,'Grubach,','Grubach,'),(497,473,59,'seiner','seiner'),(498,474,59,'Zimmervermieterin,','Zimmervermieterin,'),(499,475,60,'die','die'),(500,476,60,'ihm','ihm'),(501,477,60,'jeden','jeden'),(502,478,60,'Tag','Tag'),(503,479,60,'gegen','gegen'),(504,480,60,'acht','acht'),(505,481,60,'Uhr','Uhr'),(506,482,60,'früh','früh'),(507,483,60,'das','das'),(508,484,60,'Frühstück','Frühstück'),(509,485,60,'brachte,','brachte,'),(510,486,61,'kam','kam'),(511,487,61,'diesmal','diesmal'),(512,488,61,'nicht.','nicht.'),(513,489,61,'Das','Das'),(514,490,61,'war','war'),(515,491,61,'noch','noch'),(516,492,61,'niemals','niemals'),(517,493,61,'geschehen.','geschehen.'),(518,494,61,'K.','K.'),(519,495,61,'wartete','wartete'),(520,496,62,'noch','noch'),(521,497,62,'ein','ein'),(522,498,62,'Weilchen,','Weilchen,'),(523,499,62,'sah','sah'),(524,500,62,'von','von'),(525,501,62,'seinem','seinem'),(526,502,62,'Kopfkissen','Kopfkissen'),(527,503,62,'aus','aus'),(528,504,62,'die','die'),(529,505,62,'alte','alte'),(530,506,62,'Frau,','Frau,'),(531,507,63,'die','die'),(532,508,63,'ihm','ihm'),(533,509,63,'gegenüber','gegenüber'),(534,510,63,'wohnte','wohnte'),(535,511,63,'und','und'),(536,512,63,'die','die'),(537,513,63,'ihn','ihn'),(538,514,63,'mit','mit'),(539,515,63,'einer','einer'),(540,516,63,'an','an'),(541,517,63,'ihr','ihr'),(542,518,63,'ganz','ganz'),(543,519,64,'ungewöhnlichen','ungewöhnlichen'),(544,520,64,'Neugierde','Neugierde'),(545,521,64,'beobachtete,','beobachtete,'),(546,522,64,'dann','dann'),(547,523,64,'aber,','aber,'),(548,524,64,'gleichzeitig','gleichzeitig'),(549,525,65,'befremdet','befremdet'),(550,526,65,'und','und'),(551,527,65,'hungrig,','hungrig,'),(552,528,65,'läutete','läutete'),(553,529,65,'er.','er.'),(554,530,66,'Sofort','Sofort'),(555,531,66,'klopfte','klopfte'),(556,532,66,'es','es'),(557,533,66,'und','und'),(558,534,66,'ein','ein'),(559,535,66,'Mann,','Mann,'),(560,536,66,'dener','den|er'),(561,537,66,'in','in'),(562,538,66,'dieser','dieser'),(563,539,66,'Wohnung','Wohnung'),(564,540,67,'noch','noch'),(565,541,67,'niemals','n|i|e|m|a|l|s'),(566,542,67,'gesehen','gesehen'),(567,543,67,'hatte,','hatte,'),(568,544,68,'trat','trat'),(569,545,68,'ein.','ein.'),(570,546,68,'Er','Er'),(571,547,68,'war','war'),(572,548,68,'schlank','schlank'),(573,549,68,'und','und'),(574,550,68,'doch','doch'),(575,551,68,'fest','fest'),(576,552,68,'ge','ge#'),(577,552,68,'baut,','baut,'),(578,553,68,'er','er'),(579,554,68,'trug','trug'),(580,555,68,'ein','ein'),(581,556,68,'an','an#'),(582,556,68,'liegendes','liegendes'),(583,557,68,'schwarzes','schwarzes'),(584,558,68,'Kleid,','Kleid,'),(585,559,69,'das,','das,'),(586,560,69,'ähnlich','ähnlich'),(587,561,69,'den','den'),(588,562,69,'Reise','Reise#'),(589,562,69,'an','an#'),(590,562,69,'züg','züg#'),(591,562,69,'en,','en,'),(592,563,69,'mit','mit'),(593,564,69,'verschiedenen','verschiedenen'),(594,565,69,'Falten,','Falten,'),(595,566,70,'Taschen,','Taschen,'),(596,567,70,'Schnallen,','Schnallen,'),(597,568,70,'Knöpfen','Knöpfen'),(598,569,70,'und','und'),(599,570,70,'einem','einem'),(600,571,70,'Gürtel','Gürtel'),(601,572,70,'versehen','versehen'),(602,573,70,'war','war'),(603,574,70,'und','und'),(604,575,70,'in','in#'),(605,575,70,'folgedessen,','folge|dessen,'),(606,576,71,'ohne','ohne'),(607,577,71,'daß','daß'),(608,578,71,'man','man'),(609,579,71,'sich','sich'),(610,580,71,'dar=','dar='),(611,580,72,'über','über'),(612,581,72,'klar','klar'),(613,582,72,'wurde,','wurde,'),(614,583,72,'wozu','wozu'),(615,584,72,'es','es'),(616,585,72,'dienen','dienen'),(617,586,72,'sollte,','sollte,'),(618,587,72,'be','be#'),(619,587,72,'son','son#'),(620,587,72,'dersprak','ders|prak#'),(621,587,72,'tisch','tisch'),(622,588,72,'erschien.','erschien.'),(623,589,73,'Es','Es'),(624,590,73,'fiel','fiel'),(625,591,73,'ihm','ihm'),(626,592,73,'zwar','zwar'),(627,593,73,'gleich','gleich'),(628,594,73,'ein,','ein,'),(629,595,73,'daß','daß'),(630,596,73,'er','er'),(631,597,73,'das','das'),(632,598,73,'nicht','nicht'),(633,599,73,'hätte','hätte'),(634,600,73,'laut','laut'),(635,601,73,'sagen','sagen'),(636,602,73,'müssen','müssen'),(637,603,73,'und','und'),(638,604,73,'daß','daß'),(639,605,73,'er','er'),(640,606,73,'dadurchge','dadurch|ge#'),(641,606,73,'wisser=','wisser='),(642,606,74,'maßen','maßen'),(643,607,74,'ein','ein'),(644,608,74,'Be','Be(=)'),(645,608,75,'aufsichtigungs','aufsichtigungs(=)'),(646,608,76,'recht','recht'),(647,609,77,'des','des'),(648,610,77,'Fremden','Fremden'),(649,611,77,'anerkannte,','anerkannte,'),(650,612,77,'aber','aber'),(651,613,77,'es','es'),(652,614,77,'schein','*[schein*]'),(653,615,77,'schien','schien'),(654,616,77,'ihm','ihm'),(655,617,77,'jetzt','jetzt'),(656,618,77,'nicht','nicht'),(657,619,77,'wichtig.','wichtig.'),(658,620,78,'Wir','Wir'),(659,621,78,'sind','sind'),(660,622,78,'nicht','nicht'),(661,623,78,'dazu','dazu'),(662,624,78,'bestellt,','bestellt,'),(663,625,78,'Ihnen','Ihnen'),(664,626,78,'das','das'),(665,627,78,'zu','zu'),(666,628,78,'sagen.','sagen.'),(667,629,79,'Gehen','Gehen'),(668,630,80,'Sie','Sie'),(669,631,80,'in','in'),(670,632,80,'Ihr','Ihr'),(671,633,80,'Zimmer','Zimmer'),(672,634,80,'und','und'),(673,635,80,'warten','warten'),(674,636,80,'Sie.','Sie.'),(675,637,80,'Das','Das'),(676,638,80,'Verfahren','Verfahren'),(677,639,81,'ist','ist'),(678,640,81,'nun','nun'),(679,641,81,'einmal','einmal'),(680,642,81,'eingeleitet,','eingeleitet,'),(681,643,81,'und','und'),(682,644,81,'Sie','Sie'),(683,645,81,'werden','werden'),(684,646,81,'alles','alles'),(685,647,82,'zur','zur'),(686,648,82,'richtigen','richtigen'),(687,649,82,'Zeit','Zeit'),(688,650,82,'erfahren.','erfahren.'),(689,652,83,'','Jemand'),(690,653,83,'','mußte'),(691,654,83,'','Josef'),(692,655,83,'','K.'),(693,656,83,'','verleumdet'),(694,657,83,'','haben,'),(695,658,83,'','denn'),(696,659,83,'','ohne'),(697,660,83,'','daß'),(698,661,83,'','er'),(699,662,83,'','etwas'),(700,663,83,'','Böses'),(701,664,83,'','getan'),(702,665,83,'','hätte,'),(703,666,83,'','wurde'),(704,667,83,'','er'),(705,668,83,'','eines'),(706,669,83,'','Morgens'),(707,670,83,'','verhaftet.'),(708,671,83,'','Die'),(709,672,83,'','Köchin'),(710,673,83,'','der'),(711,674,83,'','Frau'),(712,675,83,'','Grubach,'),(713,676,83,'','seiner'),(714,677,83,'','Zimmervermieterin,'),(715,678,83,'','die'),(716,679,83,'','ihm'),(717,680,83,'','jeden'),(718,681,83,'','Tag'),(719,682,83,'','gegen'),(720,683,83,'','acht'),(721,684,83,'','Uhr'),(722,685,83,'','früh'),(723,686,83,'','das'),(724,687,83,'','Frühstück'),(725,688,83,'','brachte,'),(726,689,83,'','kam'),(727,690,83,'','diesmal'),(728,691,83,'','nicht.');
/*!40000 ALTER TABLE `dipl` ENABLE KEYS */;
UNLOCK TABLES;

--
-- Dumping data for table `error_types`
--

LOCK TABLES `error_types` WRITE;
/*!40000 ALTER TABLE `error_types` DISABLE KEYS */;
REPLACE INTO `error_types` (`id`, `name`) VALUES (1,'general error'),(2,'boundary'),(3,'lemma verified');

/*!40000 ALTER TABLE `error_types` ENABLE KEYS */;
UNLOCK TABLES;

--
-- Dumping data for table `line`
--

LOCK TABLES `line` WRITE;
/*!40000 ALTER TABLE `line` DISABLE KEYS */;
REPLACE INTO `line` (`id`, `col_id`, `num`, `name`) VALUES (1,1,1,'01'),(2,1,2,'02'),(3,1,3,'03'),(4,2,4,'01'),(5,3,5,'01'),(6,4,6,'01'),(7,4,7,'02'),(8,4,8,'03'),(9,5,9,'01'),(10,6,10,'02'),(11,7,11,'01'),(12,7,12,'02'),(13,7,13,'03'),(14,7,14,'04'),(15,7,15,'05'),(16,7,16,'06'),(17,7,17,'07'),(18,8,18,'01'),(19,8,19,'02'),(20,8,20,'03'),(21,8,21,'04'),(22,8,22,'05'),(23,9,23,'01'),(24,9,24,'02'),(25,9,25,'03'),(26,10,26,'01'),(27,10,27,'02'),(28,11,1,'01'),(29,11,2,'02'),(30,11,3,'03'),(31,12,4,'01'),(32,13,5,'01'),(33,14,6,'01'),(34,14,7,'02'),(35,14,8,'03'),(36,15,9,'01'),(37,16,10,'02'),(38,17,11,'01'),(39,17,12,'02'),(40,17,13,'03'),(41,17,14,'04'),(42,17,15,'05'),(43,17,16,'06'),(44,17,17,'07'),(45,18,18,'01'),(46,18,19,'02'),(47,18,20,'03'),(48,18,21,'04'),(49,18,22,'05'),(50,19,23,'01'),(51,19,24,'02'),(52,19,25,'03'),(53,20,26,'01'),(54,20,27,'02'),(55,21,1,'1'),(56,22,1,'01'),(57,22,2,'02'),(58,22,3,'03'),(59,23,4,'01'),(60,24,5,'01'),(61,25,6,'01'),(62,25,7,'02'),(63,25,8,'03'),(64,26,9,'01'),(65,27,10,'02'),(66,28,11,'01'),(67,28,12,'02'),(68,28,13,'03'),(69,28,14,'04'),(70,28,15,'05'),(71,28,16,'06'),(72,28,17,'07'),(73,29,18,'01'),(74,29,19,'02'),(75,29,20,'03'),(76,29,21,'04'),(77,29,22,'05'),(78,30,23,'01'),(79,30,24,'02'),(80,30,25,'03'),(81,31,26,'01'),(82,31,27,'02'),(83,32,1,'1');
/*!40000 ALTER TABLE `line` ENABLE KEYS */;
UNLOCK TABLES;

--
-- Dumping data for table `locks`
--

LOCK TABLES `locks` WRITE;
/*!40000 ALTER TABLE `locks` DISABLE KEYS */;
/*!40000 ALTER TABLE `locks` ENABLE KEYS */;
UNLOCK TABLES;

--
-- Dumping data for table `mod2error`
--

LOCK TABLES `mod2error` WRITE;
/*!40000 ALTER TABLE `mod2error` DISABLE KEYS */;
REPLACE INTO `mod2error` (`mod_id`, `error_id`) VALUES (250,3),(250,4),(251,3),(254,1),(255,3),(256,3),(257,4);
/*!40000 ALTER TABLE `mod2error` ENABLE KEYS */;
UNLOCK TABLES;

--
-- Dumping data for table `modern`
--

LOCK TABLES `modern` WRITE;
/*!40000 ALTER TABLE `modern` DISABLE KEYS */;
REPLACE INTO `modern` (`id`, `tok_id`, `trans`, `ascii`, `utf`) VALUES (1,2,'Jemand','Jemand','Jemand'),(2,3,'mußte','mußte','mußte'),(3,4,'Josef','Josef','Josef'),(4,5,'K','K','K'),(5,5,'.','.','.'),(6,6,'verleumdet','verleumdet','verleumdet'),(7,7,'haben','haben','haben'),(8,7,',',',',','),(9,8,'denn','denn','denn'),(10,9,'ohne','ohne','ohne'),(11,10,'daß','daß','daß'),(12,11,'er','er','er'),(13,12,'etwas','etwas','etwas'),(14,13,'Böses','Böses','Böses'),(15,14,'getan','getan','getan'),(16,15,'hätte','hätte','hätte'),(17,15,',',',',','),(18,16,'wurde','wurde','wurde'),(19,17,'er','er','er'),(20,18,'eines','eines','eines'),(21,19,'Morgens','Morgens','Morgens'),(22,20,'verhaftet','verhaftet','verhaftet'),(23,20,'.','.','.'),(24,21,'Die','Die','Die'),(25,22,'Köchin','Köchin','Köchin'),(26,23,'der','der','der'),(27,24,'Frau','Frau','Frau'),(28,25,'Grubach','Grubach','Grubach'),(29,25,',',',',','),(30,26,'seiner','seiner','seiner'),(31,27,'Zimmervermieterin','Zimmervermieterin','Zimmervermieterin'),(32,27,',',',',','),(33,28,'die','die','die'),(34,29,'ihm','ihm','ihm'),(35,30,'jeden','jeden','jeden'),(36,31,'Tag','Tag','Tag'),(37,32,'gegen','gegen','gegen'),(38,33,'acht','acht','acht'),(39,34,'Uhr','Uhr','Uhr'),(40,35,'früh','früh','früh'),(41,36,'das','das','das'),(42,37,'Frühstück','Frühstück','Frühstück'),(43,38,'brachte','brachte','brachte'),(44,38,',',',',','),(45,39,'kam','kam','kam'),(46,40,'diesmal','diesmal','diesmal'),(47,41,'nicht','nicht','nicht'),(48,41,'.','.','.'),(49,42,'Das','Das','Das'),(50,43,'war','war','war'),(51,44,'noch','noch','noch'),(52,45,'niemals','niemals','niemals'),(53,46,'geschehen','geschehen','geschehen'),(54,46,'.','.','.'),(55,47,'K','K','K'),(56,47,'.','.','.'),(57,48,'wartete','wartete','wartete'),(58,49,'noch','noch','noch'),(59,50,'ein','ein','ein'),(60,51,'Weilchen','Weilchen','Weilchen'),(61,51,',',',',','),(62,52,'sah','sah','sah'),(63,53,'von','von','von'),(64,54,'seinem','seinem','seinem'),(65,55,'Kopfkissen','Kopfkissen','Kopfkissen'),(66,56,'aus','aus','aus'),(67,57,'die','die','die'),(68,58,'alte','alte','alte'),(69,59,'Frau','Frau','Frau'),(70,59,',',',',','),(71,60,'die','die','die'),(72,61,'ihm','ihm','ihm'),(73,62,'gegenüber','gegenüber','gegenüber'),(74,63,'wohnte','wohnte','wohnte'),(75,64,'und','und','und'),(76,65,'die','die','die'),(77,66,'ihn','ihn','ihn'),(78,67,'mit','mit','mit'),(79,68,'einer','einer','einer'),(80,69,'an','an','an'),(81,70,'ihr','ihr','ihr'),(82,71,'ganz','ganz','ganz'),(83,72,'ungewöhnlichen','ungewöhnlichen','ungewöhnlichen'),(84,73,'Neugierde','Neugierde','Neugierde'),(85,74,'beobachtete','beobachtete','beobachtete'),(86,74,',',',',','),(87,75,'dann','dann','dann'),(88,76,'aber','aber','aber'),(89,76,',',',',','),(90,77,'gleichzeitig','gleichzeitig','gleichzeitig'),(91,78,'befremdet','befremdet','befremdet'),(92,79,'und','und','und'),(93,80,'hungrig','hungrig','hungrig'),(94,80,',',',',','),(95,81,'läutete','läutete','läutete'),(96,82,'er','er','er'),(97,82,'.','.','.'),(98,83,'Sofort','Sofort','Sofort'),(99,84,'klopfte','klopfte','klopfte'),(100,85,'es','es','es'),(101,86,'und','und','und'),(102,87,'ein','ein','ein'),(103,88,'Mann','Mann','Mann'),(104,88,',',',',','),(105,89,'den|','den','den'),(106,89,'er','er','er'),(107,90,'in','in','in'),(108,91,'dieser','dieser','dieser'),(109,92,'Wohnung','Wohnung','Wohnung'),(110,93,'noch','noch','noch'),(111,94,'n|','n','n'),(112,94,'i|','i','i'),(113,94,'e|','e','e'),(114,94,'m|','m','m'),(115,94,'a|','a','a'),(116,94,'l|','l','l'),(117,94,'s','s','s'),(118,95,'gesehen','gesehen','gesehen'),(119,96,'hatte','hatte','hatte'),(120,96,',',',',','),(121,97,'trat','trat','trat'),(122,98,'ein','ein','ein'),(123,98,'.','.','.'),(124,99,'Er','Er','Er'),(125,100,'war','war','war'),(126,101,'schlank','schlank','schlank'),(127,102,'und','und','und'),(128,103,'doch','doch','doch'),(129,104,'fest','fest','fest'),(130,105,'ge#baut','gebaut','gebaut'),(131,105,',',',',','),(132,106,'er','er','er'),(133,107,'trug','trug','trug'),(134,108,'ein','ein','ein'),(135,109,'an#liegendes','anliegendes','anliegendes'),(136,110,'schwarzes','schwarzes','schwarzes'),(137,111,'Kleid','Kleid','Kleid'),(138,111,',',',',','),(139,112,'das','das','das'),(140,112,',',',',','),(141,113,'ähnlich','ähnlich','ähnlich'),(142,114,'den','den','den'),(143,115,'Reise#an#züg#en','Reiseanzügen','Reiseanzügen'),(144,115,',',',',','),(145,116,'mit','mit','mit'),(146,117,'verschiedenen','verschiedenen','verschiedenen'),(147,118,'Falten','Falten','Falten'),(148,118,',',',',','),(149,119,'Taschen','Taschen','Taschen'),(150,119,',',',',','),(151,120,'Schnallen','Schnallen','Schnallen'),(152,120,',',',',','),(153,121,'Knöpfen','Knöpfen','Knöpfen'),(154,122,'und','und','und'),(155,123,'einem','einem','einem'),(156,124,'Gürtel','Gürtel','Gürtel'),(157,125,'versehen','versehen','versehen'),(158,126,'war','war','war'),(159,127,'und','und','und'),(160,128,'in#folge|','infolge','infolge'),(161,128,'dessen','dessen','dessen'),(162,128,',',',',','),(163,129,'ohne','ohne','ohne'),(164,130,'daß','daß','daß'),(165,131,'man','man','man'),(166,132,'sich','sich','sich'),(167,133,'dar=über','darüber','darüber'),(168,134,'klar','klar','klar'),(169,135,'wurde','wurde','wurde'),(170,135,',',',',','),(171,136,'wozu','wozu','wozu'),(172,137,'es','es','es'),(173,138,'dienen','dienen','dienen'),(174,139,'sollte','sollte','sollte'),(175,139,',',',',','),(176,140,'be#son#ders|','besonders','besonders'),(177,140,'prak#tisch','praktisch','praktisch'),(178,141,'erschien','erschien','erschien'),(179,141,'.','.','.'),(180,142,'Es','Es','Es'),(181,143,'fiel','fiel','fiel'),(182,144,'ihm','ihm','ihm'),(183,145,'zwar','zwar','zwar'),(184,146,'gleich','gleich','gleich'),(185,147,'ein','ein','ein'),(186,147,',',',',','),(187,148,'daß','daß','daß'),(188,149,'er','er','er'),(189,150,'das','das','das'),(190,151,'nicht','nicht','nicht'),(191,152,'hätte','hätte','hätte'),(192,153,'laut','laut','laut'),(193,154,'sagen','sagen','sagen'),(194,155,'müssen','müssen','müssen'),(195,156,'und','und','und'),(196,157,'daß','daß','daß'),(197,158,'er','er','er'),(198,159,'dadurch|','dadurch','dadurch'),(199,159,'ge#wisser=maßen','gewissermaßen','gewissermaßen'),(200,160,'ein','ein','ein'),(201,161,'Be(=)aufsichtigungs(=)recht','Beaufsichtigungsrecht','Beaufsichtigungsrecht'),(202,162,'des','des','des'),(203,163,'Fremden','Fremden','Fremden'),(204,164,'anerkannte','anerkannte','anerkannte'),(205,164,',',',',','),(206,165,'aber','aber','aber'),(207,166,'es','es','es'),(208,168,'schien','schien','schien'),(209,169,'ihm','ihm','ihm'),(210,170,'jetzt','jetzt','jetzt'),(211,171,'nicht','nicht','nicht'),(212,172,'wichtig','wichtig','wichtig'),(213,172,'.','.','.'),(214,173,'Wir','Wir','Wir'),(215,174,'sind','sind','sind'),(216,175,'nicht','nicht','nicht'),(217,176,'dazu','dazu','dazu'),(218,177,'bestellt','bestellt','bestellt'),(219,177,',',',',','),(220,178,'Ihnen','Ihnen','Ihnen'),(221,179,'das','das','das'),(222,180,'zu','zu','zu'),(223,181,'sagen','sagen','sagen'),(224,181,'.','.','.'),(225,182,'Gehen','Gehen','Gehen'),(226,183,'Sie','Sie','Sie'),(227,184,'in','in','in'),(228,185,'Ihr','Ihr','Ihr'),(229,186,'Zimmer','Zimmer','Zimmer'),(230,187,'und','und','und'),(231,188,'warten','warten','warten'),(232,189,'Sie','Sie','Sie'),(233,189,'.','.','.'),(234,190,'Das','Das','Das'),(235,191,'Verfahren','Verfahren','Verfahren'),(236,192,'ist','ist','ist'),(237,193,'nun','nun','nun'),(238,194,'einmal','einmal','einmal'),(239,195,'eingeleitet','eingeleitet','eingeleitet'),(240,195,',',',',','),(241,196,'und','und','und'),(242,197,'Sie','Sie','Sie'),(243,198,'werden','werden','werden'),(244,199,'alles','alles','alles'),(245,200,'zur','zur','zur'),(246,201,'richtigen','richtigen','richtigen'),(247,202,'Zeit','Zeit','Zeit'),(248,203,'erfahren','erfahren','erfahren'),(249,203,'.','.','.'),(250,205,'Jemand','Jemand','Jemand'),(251,206,'mußte','mußte','mußte'),(252,207,'Josef','Josef','Josef'),(253,208,'K','K','K'),(254,208,'.','.','.'),(255,209,'verleumdet','verleumdet','verleumdet'),(256,210,'haben','haben','haben'),(257,210,',',',',','),(258,211,'denn','denn','denn'),(259,212,'ohne','ohne','ohne'),(260,213,'daß','daß','daß'),(261,214,'er','er','er'),(262,215,'etwas','etwas','etwas'),(263,216,'Böses','Böses','Böses'),(264,217,'getan','getan','getan'),(265,218,'hätte','hätte','hätte'),(266,218,',',',',','),(267,219,'wurde','wurde','wurde'),(268,220,'er','er','er'),(269,221,'eines','eines','eines'),(270,222,'Morgens','Morgens','Morgens'),(271,223,'verhaftet','verhaftet','verhaftet'),(272,223,'.','.','.'),(273,224,'Die','Die','Die'),(274,225,'Köchin','Köchin','Köchin'),(275,226,'der','der','der'),(276,227,'Frau','Frau','Frau'),(277,228,'Grubach','Grubach','Grubach'),(278,228,',',',',','),(279,229,'seiner','seiner','seiner'),(280,230,'Zimmervermieterin','Zimmervermieterin','Zimmervermieterin'),(281,230,',',',',','),(282,231,'die','die','die'),(283,232,'ihm','ihm','ihm'),(284,233,'jeden','jeden','jeden'),(285,234,'Tag','Tag','Tag'),(286,235,'gegen','gegen','gegen'),(287,236,'acht','acht','acht'),(288,237,'Uhr','Uhr','Uhr'),(289,238,'früh','früh','früh'),(290,239,'das','das','das'),(291,240,'Frühstück','Frühstück','Frühstück'),(292,241,'brachte','brachte','brachte'),(293,241,',',',',','),(294,242,'kam','kam','kam'),(295,243,'diesmal','diesmal','diesmal'),(296,244,'nicht','nicht','nicht'),(297,244,'.','.','.'),(298,245,'Das','Das','Das'),(299,246,'war','war','war'),(300,247,'noch','noch','noch'),(301,248,'niemals','niemals','niemals'),(302,249,'geschehen','geschehen','geschehen'),(303,249,'.','.','.'),(304,250,'K','K','K'),(305,250,'.','.','.'),(306,251,'wartete','wartete','wartete'),(307,252,'noch','noch','noch'),(308,253,'ein','ein','ein'),(309,254,'Weilchen','Weilchen','Weilchen'),(310,254,',',',',','),(311,255,'sah','sah','sah'),(312,256,'von','von','von'),(313,257,'seinem','seinem','seinem'),(314,258,'Kopfkissen','Kopfkissen','Kopfkissen'),(315,259,'aus','aus','aus'),(316,260,'die','die','die'),(317,261,'alte','alte','alte'),(318,262,'Frau','Frau','Frau'),(319,262,',',',',','),(320,263,'die','die','die'),(321,264,'ihm','ihm','ihm'),(322,265,'gegenüber','gegenüber','gegenüber'),(323,266,'wohnte','wohnte','wohnte'),(324,267,'und','und','und'),(325,268,'die','die','die'),(326,269,'ihn','ihn','ihn'),(327,270,'mit','mit','mit'),(328,271,'einer','einer','einer'),(329,272,'an','an','an'),(330,273,'ihr','ihr','ihr'),(331,274,'ganz','ganz','ganz'),(332,275,'ungewöhnlichen','ungewöhnlichen','ungewöhnlichen'),(333,276,'Neugierde','Neugierde','Neugierde'),(334,277,'beobachtete','beobachtete','beobachtete'),(335,277,',',',',','),(336,278,'dann','dann','dann'),(337,279,'aber','aber','aber'),(338,279,',',',',','),(339,280,'gleichzeitig','gleichzeitig','gleichzeitig'),(340,281,'befremdet','befremdet','befremdet'),(341,282,'und','und','und'),(342,283,'hungrig','hungrig','hungrig'),(343,283,',',',',','),(344,284,'läutete','läutete','läutete'),(345,285,'er','er','er'),(346,285,'.','.','.'),(347,286,'Sofort','Sofort','Sofort'),(348,287,'klopfte','klopfte','klopfte'),(349,288,'es','es','es'),(350,289,'und','und','und'),(351,290,'ein','ein','ein'),(352,291,'Mann','Mann','Mann'),(353,291,',',',',','),(354,292,'den|','den','den'),(355,292,'er','er','er'),(356,293,'in','in','in'),(357,294,'dieser','dieser','dieser'),(358,295,'Wohnung','Wohnung','Wohnung'),(359,296,'noch','noch','noch'),(360,297,'n|','n','n'),(361,297,'i|','i','i'),(362,297,'e|','e','e'),(363,297,'m|','m','m'),(364,297,'a|','a','a'),(365,297,'l|','l','l'),(366,297,'s','s','s'),(367,298,'gesehen','gesehen','gesehen'),(368,299,'hatte','hatte','hatte'),(369,299,',',',',','),(370,300,'trat','trat','trat'),(371,301,'ein','ein','ein'),(372,301,'.','.','.'),(373,302,'Er','Er','Er'),(374,303,'war','war','war'),(375,304,'schlank','schlank','schlank'),(376,305,'und','und','und'),(377,306,'doch','doch','doch'),(378,307,'fest','fest','fest'),(379,308,'ge#baut','gebaut','gebaut'),(380,308,',',',',','),(381,309,'er','er','er'),(382,310,'trug','trug','trug'),(383,311,'ein','ein','ein'),(384,312,'an#liegendes','anliegendes','anliegendes'),(385,313,'schwarzes','schwarzes','schwarzes'),(386,314,'Kleid','Kleid','Kleid'),(387,314,',',',',','),(388,315,'das','das','das'),(389,315,',',',',','),(390,316,'ähnlich','ähnlich','ähnlich'),(391,317,'den','den','den'),(392,318,'Reise#an#züg#en','Reiseanzügen','Reiseanzügen'),(393,318,',',',',','),(394,319,'mit','mit','mit'),(395,320,'verschiedenen','verschiedenen','verschiedenen'),(396,321,'Falten','Falten','Falten'),(397,321,',',',',','),(398,322,'Taschen','Taschen','Taschen'),(399,322,',',',',','),(400,323,'Schnallen','Schnallen','Schnallen'),(401,323,',',',',','),(402,324,'Knöpfen','Knöpfen','Knöpfen'),(403,325,'und','und','und'),(404,326,'einem','einem','einem'),(405,327,'Gürtel','Gürtel','Gürtel'),(406,328,'versehen','versehen','versehen'),(407,329,'war','war','war'),(408,330,'und','und','und'),(409,331,'in#folge|','infolge','infolge'),(410,331,'dessen','dessen','dessen'),(411,331,',',',',','),(412,332,'ohne','ohne','ohne'),(413,333,'daß','daß','daß'),(414,334,'man','man','man'),(415,335,'sich','sich','sich'),(416,336,'dar=über','darüber','darüber'),(417,337,'klar','klar','klar'),(418,338,'wurde','wurde','wurde'),(419,338,',',',',','),(420,339,'wozu','wozu','wozu'),(421,340,'es','es','es'),(422,341,'dienen','dienen','dienen'),(423,342,'sollte','sollte','sollte'),(424,342,',',',',','),(425,343,'be#son#ders|','besonders','besonders'),(426,343,'prak#tisch','praktisch','praktisch'),(427,344,'erschien','erschien','erschien'),(428,344,'.','.','.'),(429,345,'Es','Es','Es'),(430,346,'fiel','fiel','fiel'),(431,347,'ihm','ihm','ihm'),(432,348,'zwar','zwar','zwar'),(433,349,'gleich','gleich','gleich'),(434,350,'ein','ein','ein'),(435,350,',',',',','),(436,351,'daß','daß','daß'),(437,352,'er','er','er'),(438,353,'das','das','das'),(439,354,'nicht','nicht','nicht'),(440,355,'hätte','hätte','hätte'),(441,356,'laut','laut','laut'),(442,357,'sagen','sagen','sagen'),(443,358,'müssen','müssen','müssen'),(444,359,'und','und','und'),(445,360,'daß','daß','daß'),(446,361,'er','er','er'),(447,362,'dadurch|','dadurch','dadurch'),(448,362,'ge#wisser=maßen','gewissermaßen','gewissermaßen'),(449,363,'ein','ein','ein'),(450,364,'Be(=)aufsichtigungs(=)recht','Beaufsichtigungsrecht','Beaufsichtigungsrecht'),(451,365,'des','des','des'),(452,366,'Fremden','Fremden','Fremden'),(453,367,'anerkannte','anerkannte','anerkannte'),(454,367,',',',',','),(455,368,'aber','aber','aber'),(456,369,'es','es','es'),(457,371,'schien','schien','schien'),(458,372,'ihm','ihm','ihm'),(459,373,'jetzt','jetzt','jetzt'),(460,374,'nicht','nicht','nicht'),(461,375,'wichtig','wichtig','wichtig'),(462,375,'.','.','.'),(463,376,'Wir','Wir','Wir'),(464,377,'sind','sind','sind'),(465,378,'nicht','nicht','nicht'),(466,379,'dazu','dazu','dazu'),(467,380,'bestellt','bestellt','bestellt'),(468,380,',',',',','),(469,381,'Ihnen','Ihnen','Ihnen'),(470,382,'das','das','das'),(471,383,'zu','zu','zu'),(472,384,'sagen','sagen','sagen'),(473,384,'.','.','.'),(474,385,'Gehen','Gehen','Gehen'),(475,386,'Sie','Sie','Sie'),(476,387,'in','in','in'),(477,388,'Ihr','Ihr','Ihr'),(478,389,'Zimmer','Zimmer','Zimmer'),(479,390,'und','und','und'),(480,391,'warten','warten','warten'),(481,392,'Sie','Sie','Sie'),(482,392,'.','.','.'),(483,393,'Das','Das','Das'),(484,394,'Verfahren','Verfahren','Verfahren'),(485,395,'ist','ist','ist'),(486,396,'nun','nun','nun'),(487,397,'einmal','einmal','einmal'),(488,398,'eingeleitet','eingeleitet','eingeleitet'),(489,398,',',',',','),(490,399,'und','und','und'),(491,400,'Sie','Sie','Sie'),(492,401,'werden','werden','werden'),(493,402,'alles','alles','alles'),(494,403,'zur','zur','zur'),(495,404,'richtigen','richtigen','richtigen'),(496,405,'Zeit','Zeit','Zeit'),(497,406,'erfahren','erfahren','erfahren'),(498,406,'.','.','.'),(499,408,'Jemand','Jemand','Jemand'),(500,409,'mußte','mußte','mußte'),(501,410,'Josef','Josef','Josef'),(502,411,'K.','K.','K.'),(503,412,'verleumdet','verleumdet','verleumdet'),(504,413,'haben,','haben,','haben,'),(505,414,'denn','denn','denn'),(506,415,'ohne','ohne','ohne'),(507,416,'daß','daß','daß'),(508,417,'er','er','er'),(509,418,'etwas','etwas','etwas'),(510,419,'Böses','Böses','Böses'),(511,420,'getan','getan','getan'),(512,421,'hätte,','hätte,','hätte,'),(513,422,'wurde','wurde','wurde'),(514,423,'er','er','er'),(515,424,'eines','eines','eines'),(516,425,'Morgens','Morgens','Morgens'),(517,426,'verhaftet.','verhaftet.','verhaftet.'),(518,427,'Die','Die','Die'),(519,428,'Köchin','Köchin','Köchin'),(520,429,'der','der','der'),(521,430,'Frau','Frau','Frau'),(522,431,'Grubach,','Grubach,','Grubach,'),(523,432,'seiner','seiner','seiner'),(524,433,'Zimmervermieterin,','Zimmervermieterin,','Zimmervermieterin,'),(525,434,'die','die','die'),(526,435,'ihm','ihm','ihm'),(527,436,'jeden','jeden','jeden'),(528,437,'Tag','Tag','Tag'),(529,438,'gegen','gegen','gegen'),(530,439,'acht','acht','acht'),(531,440,'Uhr','Uhr','Uhr'),(532,441,'früh','früh','früh'),(533,442,'das','das','das'),(534,443,'Frühstück','Frühstück','Frühstück'),(535,444,'brachte,','brachte,','brachte,'),(536,445,'kam','kam','kam'),(537,446,'diesmal','diesmal','diesmal'),(538,447,'nicht.','nicht.','nicht.'),(539,449,'Jemand','Jemand','Jemand'),(540,450,'mußte','mußte','mußte'),(541,451,'Josef','Josef','Josef'),(542,452,'K','K','K'),(543,452,'.','.','.'),(544,453,'verleumdet','verleumdet','verleumdet'),(545,454,'haben','haben','haben'),(546,454,',',',',','),(547,455,'denn','denn','denn'),(548,456,'ohne','ohne','ohne'),(549,457,'daß','daß','daß'),(550,458,'er','er','er'),(551,459,'etwas','etwas','etwas'),(552,460,'Böses','Böses','Böses'),(553,461,'getan','getan','getan'),(554,462,'hätte','hätte','hätte'),(555,462,',',',',','),(556,463,'wurde','wurde','wurde'),(557,464,'er','er','er'),(558,465,'eines','eines','eines'),(559,466,'Morgens','Morgens','Morgens'),(560,467,'verhaftet','verhaftet','verhaftet'),(561,467,'.','.','.'),(562,468,'Die','Die','Die'),(563,469,'Köchin','Köchin','Köchin'),(564,470,'der','der','der'),(565,471,'Frau','Frau','Frau'),(566,472,'Grubach','Grubach','Grubach'),(567,472,',',',',','),(568,473,'seiner','seiner','seiner'),(569,474,'Zimmervermieterin','Zimmervermieterin','Zimmervermieterin'),(570,474,',',',',','),(571,475,'die','die','die'),(572,476,'ihm','ihm','ihm'),(573,477,'jeden','jeden','jeden'),(574,478,'Tag','Tag','Tag'),(575,479,'gegen','gegen','gegen'),(576,480,'acht','acht','acht'),(577,481,'Uhr','Uhr','Uhr'),(578,482,'früh','früh','früh'),(579,483,'das','das','das'),(580,484,'Frühstück','Frühstück','Frühstück'),(581,485,'brachte','brachte','brachte'),(582,485,',',',',','),(583,486,'kam','kam','kam'),(584,487,'diesmal','diesmal','diesmal'),(585,488,'nicht','nicht','nicht'),(586,488,'.','.','.'),(587,489,'Das','Das','Das'),(588,490,'war','war','war'),(589,491,'noch','noch','noch'),(590,492,'niemals','niemals','niemals'),(591,493,'geschehen','geschehen','geschehen'),(592,493,'.','.','.'),(593,494,'K','K','K'),(594,494,'.','.','.'),(595,495,'wartete','wartete','wartete'),(596,496,'noch','noch','noch'),(597,497,'ein','ein','ein'),(598,498,'Weilchen','Weilchen','Weilchen'),(599,498,',',',',','),(600,499,'sah','sah','sah'),(601,500,'von','von','von'),(602,501,'seinem','seinem','seinem'),(603,502,'Kopfkissen','Kopfkissen','Kopfkissen'),(604,503,'aus','aus','aus'),(605,504,'die','die','die'),(606,505,'alte','alte','alte'),(607,506,'Frau','Frau','Frau'),(608,506,',',',',','),(609,507,'die','die','die'),(610,508,'ihm','ihm','ihm'),(611,509,'gegenüber','gegenüber','gegenüber'),(612,510,'wohnte','wohnte','wohnte'),(613,511,'und','und','und'),(614,512,'die','die','die'),(615,513,'ihn','ihn','ihn'),(616,514,'mit','mit','mit'),(617,515,'einer','einer','einer'),(618,516,'an','an','an'),(619,517,'ihr','ihr','ihr'),(620,518,'ganz','ganz','ganz'),(621,519,'ungewöhnlichen','ungewöhnlichen','ungewöhnlichen'),(622,520,'Neugierde','Neugierde','Neugierde'),(623,521,'beobachtete','beobachtete','beobachtete'),(624,521,',',',',','),(625,522,'dann','dann','dann'),(626,523,'aber','aber','aber'),(627,523,',',',',','),(628,524,'gleichzeitig','gleichzeitig','gleichzeitig'),(629,525,'befremdet','befremdet','befremdet'),(630,526,'und','und','und'),(631,527,'hungrig','hungrig','hungrig'),(632,527,',',',',','),(633,528,'läutete','läutete','läutete'),(634,529,'er','er','er'),(635,529,'.','.','.'),(636,530,'Sofort','Sofort','Sofort'),(637,531,'klopfte','klopfte','klopfte'),(638,532,'es','es','es'),(639,533,'und','und','und'),(640,534,'ein','ein','ein'),(641,535,'Mann','Mann','Mann'),(642,535,',',',',','),(643,536,'den|','den','den'),(644,536,'er','er','er'),(645,537,'in','in','in'),(646,538,'dieser','dieser','dieser'),(647,539,'Wohnung','Wohnung','Wohnung'),(648,540,'noch','noch','noch'),(649,541,'n|','n','n'),(650,541,'i|','i','i'),(651,541,'e|','e','e'),(652,541,'m|','m','m'),(653,541,'a|','a','a'),(654,541,'l|','l','l'),(655,541,'s','s','s'),(656,542,'gesehen','gesehen','gesehen'),(657,543,'hatte','hatte','hatte'),(658,543,',',',',','),(659,544,'trat','trat','trat'),(660,545,'ein','ein','ein'),(661,545,'.','.','.'),(662,546,'Er','Er','Er'),(663,547,'war','war','war'),(664,548,'schlank','schlank','schlank'),(665,549,'und','und','und'),(666,550,'doch','doch','doch'),(667,551,'fest','fest','fest'),(668,552,'ge#baut','gebaut','gebaut'),(669,552,',',',',','),(670,553,'er','er','er'),(671,554,'trug','trug','trug'),(672,555,'ein','ein','ein'),(673,556,'an#liegendes','anliegendes','anliegendes'),(674,557,'schwarzes','schwarzes','schwarzes'),(675,558,'Kleid','Kleid','Kleid'),(676,558,',',',',','),(677,559,'das','das','das'),(678,559,',',',',','),(679,560,'ähnlich','ähnlich','ähnlich'),(680,561,'den','den','den'),(681,562,'Reise#an#züg#en','Reiseanzügen','Reiseanzügen'),(682,562,',',',',','),(683,563,'mit','mit','mit'),(684,564,'verschiedenen','verschiedenen','verschiedenen'),(685,565,'Falten','Falten','Falten'),(686,565,',',',',','),(687,566,'Taschen','Taschen','Taschen'),(688,566,',',',',','),(689,567,'Schnallen','Schnallen','Schnallen'),(690,567,',',',',','),(691,568,'Knöpfen','Knöpfen','Knöpfen'),(692,569,'und','und','und'),(693,570,'einem','einem','einem'),(694,571,'Gürtel','Gürtel','Gürtel'),(695,572,'versehen','versehen','versehen'),(696,573,'war','war','war'),(697,574,'und','und','und'),(698,575,'in#folge|','infolge','infolge'),(699,575,'dessen','dessen','dessen'),(700,575,',',',',','),(701,576,'ohne','ohne','ohne'),(702,577,'daß','daß','daß'),(703,578,'man','man','man'),(704,579,'sich','sich','sich'),(705,580,'dar=über','darüber','darüber'),(706,581,'klar','klar','klar'),(707,582,'wurde','wurde','wurde'),(708,582,',',',',','),(709,583,'wozu','wozu','wozu'),(710,584,'es','es','es'),(711,585,'dienen','dienen','dienen'),(712,586,'sollte','sollte','sollte'),(713,586,',',',',','),(714,587,'be#son#ders|','besonders','besonders'),(715,587,'prak#tisch','praktisch','praktisch'),(716,588,'erschien','erschien','erschien'),(717,588,'.','.','.'),(718,589,'Es','Es','Es'),(719,590,'fiel','fiel','fiel'),(720,591,'ihm','ihm','ihm'),(721,592,'zwar','zwar','zwar'),(722,593,'gleich','gleich','gleich'),(723,594,'ein','ein','ein'),(724,594,',',',',','),(725,595,'daß','daß','daß'),(726,596,'er','er','er'),(727,597,'das','das','das'),(728,598,'nicht','nicht','nicht'),(729,599,'hätte','hätte','hätte'),(730,600,'laut','laut','laut'),(731,601,'sagen','sagen','sagen'),(732,602,'müssen','müssen','müssen'),(733,603,'und','und','und'),(734,604,'daß','daß','daß'),(735,605,'er','er','er'),(736,606,'dadurch|','dadurch','dadurch'),(737,606,'ge#wisser=maßen','gewissermaßen','gewissermaßen'),(738,607,'ein','ein','ein'),(739,608,'Be(=)aufsichtigungs(=)recht','Beaufsichtigungsrecht','Beaufsichtigungsrecht'),(740,609,'des','des','des'),(741,610,'Fremden','Fremden','Fremden'),(742,611,'anerkannte','anerkannte','anerkannte'),(743,611,',',',',','),(744,612,'aber','aber','aber'),(745,613,'es','es','es'),(746,615,'schien','schien','schien'),(747,616,'ihm','ihm','ihm'),(748,617,'jetzt','jetzt','jetzt'),(749,618,'nicht','nicht','nicht'),(750,619,'wichtig','wichtig','wichtig'),(751,619,'.','.','.'),(752,620,'Wir','Wir','Wir'),(753,621,'sind','sind','sind'),(754,622,'nicht','nicht','nicht'),(755,623,'dazu','dazu','dazu'),(756,624,'bestellt','bestellt','bestellt'),(757,624,',',',',','),(758,625,'Ihnen','Ihnen','Ihnen'),(759,626,'das','das','das'),(760,627,'zu','zu','zu'),(761,628,'sagen','sagen','sagen'),(762,628,'.','.','.'),(763,629,'Gehen','Gehen','Gehen'),(764,630,'Sie','Sie','Sie'),(765,631,'in','in','in'),(766,632,'Ihr','Ihr','Ihr'),(767,633,'Zimmer','Zimmer','Zimmer'),(768,634,'und','und','und'),(769,635,'warten','warten','warten'),(770,636,'Sie','Sie','Sie'),(771,636,'.','.','.'),(772,637,'Das','Das','Das'),(773,638,'Verfahren','Verfahren','Verfahren'),(774,639,'ist','ist','ist'),(775,640,'nun','nun','nun'),(776,641,'einmal','einmal','einmal'),(777,642,'eingeleitet','eingeleitet','eingeleitet'),(778,642,',',',',','),(779,643,'und','und','und'),(780,644,'Sie','Sie','Sie'),(781,645,'werden','werden','werden'),(782,646,'alles','alles','alles'),(783,647,'zur','zur','zur'),(784,648,'richtigen','richtigen','richtigen'),(785,649,'Zeit','Zeit','Zeit'),(786,650,'erfahren','erfahren','erfahren'),(787,650,'.','.','.'),(788,652,'Jemand','Jemand','Jemand'),(789,653,'mußte','mußte','mußte'),(790,654,'Josef','Josef','Josef'),(791,655,'K.','K.','K.'),(792,656,'verleumdet','verleumdet','verleumdet'),(793,657,'haben,','haben,','haben,'),(794,658,'denn','denn','denn'),(795,659,'ohne','ohne','ohne'),(796,660,'daß','daß','daß'),(797,661,'er','er','er'),(798,662,'etwas','etwas','etwas'),(799,663,'Böses','Böses','Böses'),(800,664,'getan','getan','getan'),(801,665,'hätte,','hätte,','hätte,'),(802,666,'wurde','wurde','wurde'),(803,667,'er','er','er'),(804,668,'eines','eines','eines'),(805,669,'Morgens','Morgens','Morgens'),(806,670,'verhaftet.','verhaftet.','verhaftet.'),(807,671,'Die','Die','Die'),(808,672,'Köchin','Köchin','Köchin'),(809,673,'der','der','der'),(810,674,'Frau','Frau','Frau'),(811,675,'Grubach,','Grubach,','Grubach,'),(812,676,'seiner','seiner','seiner'),(813,677,'Zimmervermieterin,','Zimmervermieterin,','Zimmervermieterin,'),(814,678,'die','die','die'),(815,679,'ihm','ihm','ihm'),(816,680,'jeden','jeden','jeden'),(817,681,'Tag','Tag','Tag'),(818,682,'gegen','gegen','gegen'),(819,683,'acht','acht','acht'),(820,684,'Uhr','Uhr','Uhr'),(821,685,'früh','früh','früh'),(822,686,'das','das','das'),(823,687,'Frühstück','Frühstück','Frühstück'),(824,688,'brachte,','brachte,','brachte,'),(825,689,'kam','kam','kam'),(826,690,'diesmal','diesmal','diesmal'),(827,691,'nicht.','nicht.','nicht.');
/*!40000 ALTER TABLE `modern` ENABLE KEYS */;
UNLOCK TABLES;

--
-- Dumping data for table `notices`
--

LOCK TABLES `notices` WRITE;
/*!40000 ALTER TABLE `notices` DISABLE KEYS */;
/*!40000 ALTER TABLE `notices` ENABLE KEYS */;
UNLOCK TABLES;

--
-- Dumping data for table `page`
--

LOCK TABLES `page` WRITE;
/*!40000 ALTER TABLE `page` DISABLE KEYS */;
REPLACE INTO `page` (`id`, `num`, `name`, `side`, `text_id`) VALUES (1,1,'02','r',1),(2,2,'02','v',1),(3,3,'03','r',1),(4,4,'03','v',1),(5,5,'04','',1),(6,6,'06','',1),(7,7,'10','',1),(8,1,'02','r',2),(9,2,'02','v',2),(10,3,'03','r',2),(11,4,'03','v',2),(12,5,'04','',2),(13,6,'06','',2),(14,7,'10','',2),(15,1,'1','',3),(16,1,'02','r',4),(17,2,'02','v',4),(18,3,'03','r',4),(19,4,'03','v',4),(20,5,'04','',4),(21,6,'06','',4),(22,7,'10','',4),(23,1,'1','',5);
/*!40000 ALTER TABLE `page` ENABLE KEYS */;
UNLOCK TABLES;

--
-- Dumping data for table `project`
--

LOCK TABLES `project` WRITE;
/*!40000 ALTER TABLE `project` DISABLE KEYS */;
REPLACE INTO `project` (`id`, `name`, `cmd_edittoken`, `cmd_import`) VALUES (1,'Free-for-all','',''),(2,'Empty','',''),(3,'Restricted','','');
/*!40000 ALTER TABLE `project` ENABLE KEYS */;
UNLOCK TABLES;

--
-- Dumping data for table `shifttags`
--

LOCK TABLES `shifttags` WRITE;
/*!40000 ALTER TABLE `shifttags` DISABLE KEYS */;
REPLACE INTO `shifttags` (`id`, `tok_from`, `tok_to`, `tag_type`) VALUES (1,178,178,'L'),(2,175,175,'R'),(3,182,182,'R'),(4,193,196,'R'),(5,381,381,'L'),(6,378,378,'R'),(7,385,385,'R'),(8,396,399,'R'),(9,625,625,'L'),(10,622,622,'R'),(11,629,629,'R'),(12,640,643,'R');
/*!40000 ALTER TABLE `shifttags` ENABLE KEYS */;
UNLOCK TABLES;

--
-- Dumping data for table `tag`
--

LOCK TABLES `tag` WRITE;
/*!40000 ALTER TABLE `tag` DISABLE KEYS */;
REPLACE INTO `tag` (`id`, `value`, `needs_revision`, `tagset_id`) VALUES (1,'$.',0,6),(2,'PAV',0,6),(3,'PDAT.Masc.Nom.Sg',0,6),(4,'PDAT.Masc.Nom.Pl',0,6),(5,'PDAT.Masc.Nom.*',1,6),(6,'PDAT.Masc.Gen.Sg',0,6),(7,'PDAT.Masc.Gen.Pl',0,6),(8,'PDAT.Masc.Gen.*',1,6),(9,'PDAT.Masc.Dat.Sg',0,6),(10,'PDAT.Masc.Dat.Pl',0,6),(11,'PDAT.Masc.Dat.*',1,6),(12,'PDAT.Masc.Akk.Sg',0,6),(13,'PDAT.Masc.Akk.Pl',0,6),(14,'PDAT.Masc.Akk.*',1,6),(15,'PDAT.Masc.*.Sg',1,6),(16,'PDAT.Masc.*.Pl',1,6),(17,'PDAT.Masc.*.*',1,6),(18,'PDAT.Fem.Nom.Sg',0,6),(19,'PDAT.Fem.Nom.Pl',0,6),(20,'PDAT.Fem.Nom.*',1,6),(21,'PDAT.Fem.Gen.Sg',0,6),(22,'PDAT.Fem.Gen.Pl',0,6),(23,'PDAT.Fem.Gen.*',1,6),(24,'PDAT.Fem.Dat.Sg',0,6),(25,'PDAT.Fem.Dat.Pl',0,6),(26,'PDAT.Fem.Dat.*',1,6),(27,'PDAT.Fem.Akk.Sg',0,6),(28,'PDAT.Fem.Akk.Pl',0,6),(29,'PDAT.Fem.Akk.*',1,6),(30,'PDAT.Fem.*.Sg',1,6),(31,'PDAT.Fem.*.Pl',1,6),(32,'PDAT.Fem.*.*',1,6),(33,'PDAT.Neut.Nom.Sg',0,6),(34,'PDAT.Neut.Nom.Pl',0,6),(35,'PDAT.Neut.Nom.*',1,6),(36,'PDAT.Neut.Gen.Sg',0,6),(37,'PDAT.Neut.Gen.Pl',0,6),(38,'PDAT.Neut.Gen.*',1,6),(39,'PDAT.Neut.Dat.Sg',0,6),(40,'PDAT.Neut.Dat.Pl',0,6),(41,'PDAT.Neut.Dat.*',1,6),(42,'PDAT.Neut.Akk.Sg',0,6),(43,'PDAT.Neut.Akk.Pl',0,6),(44,'PDAT.Neut.Akk.*',1,6),(45,'PDAT.Neut.*.Sg',1,6),(46,'PDAT.Neut.*.Pl',1,6),(47,'PDAT.Neut.*.*',1,6),(48,'PDAT.*.Nom.Sg',1,6),(49,'PDAT.*.Nom.Pl',0,6),(50,'PDAT.*.Nom.*',1,6),(51,'PDAT.*.Gen.Sg',1,6),(52,'PDAT.*.Gen.Pl',0,6),(53,'PDAT.*.Gen.*',1,6),(54,'PDAT.*.Dat.Sg',1,6),(55,'PDAT.*.Dat.Pl',0,6),(56,'PDAT.*.Dat.*',1,6),(57,'PDAT.*.Akk.Sg',1,6),(58,'PDAT.*.Akk.Pl',0,6),(59,'PDAT.*.Akk.*',1,6),(60,'PDAT.*.*.Sg',1,6),(61,'PDAT.*.*.Pl',1,6),(62,'PDAT.*.*.*',0,6),(63,'PPOSS.Masc.Nom.Sg',0,6),(64,'PPOSS.Masc.Nom.Pl',0,6),(65,'PPOSS.Masc.Nom.*',1,6),(66,'PPOSS.Masc.Gen.Sg',0,6),(67,'PPOSS.Masc.Gen.Pl',0,6),(68,'PPOSS.Masc.Gen.*',1,6),(69,'PPOSS.Masc.Dat.Sg',0,6),(70,'PPOSS.Masc.Dat.Pl',0,6),(71,'PPOSS.Masc.Dat.*',1,6),(72,'PPOSS.Masc.Akk.Sg',0,6),(73,'PPOSS.Masc.Akk.Pl',0,6),(74,'PPOSS.Masc.Akk.*',1,6),(75,'PPOSS.Masc.*.Sg',1,6),(76,'PPOSS.Masc.*.Pl',1,6),(77,'PPOSS.Masc.*.*',1,6),(78,'PPOSS.Fem.Nom.Sg',0,6),(79,'PPOSS.Fem.Nom.Pl',0,6),(80,'PPOSS.Fem.Nom.*',1,6),(81,'PPOSS.Fem.Gen.Sg',0,6),(82,'PPOSS.Fem.Gen.Pl',0,6),(83,'PPOSS.Fem.Gen.*',1,6),(84,'PPOSS.Fem.Dat.Sg',0,6),(85,'PPOSS.Fem.Dat.Pl',0,6),(86,'PPOSS.Fem.Dat.*',1,6),(87,'PPOSS.Fem.Akk.Sg',0,6),(88,'PPOSS.Fem.Akk.Pl',0,6),(89,'PPOSS.Fem.Akk.*',1,6),(90,'PPOSS.Fem.*.Sg',1,6),(91,'PPOSS.Fem.*.Pl',1,6),(92,'PPOSS.Fem.*.*',1,6),(93,'PPOSS.Neut.Nom.Sg',0,6),(94,'PPOSS.Neut.Nom.Pl',0,6),(95,'PPOSS.Neut.Nom.*',1,6),(96,'PPOSS.Neut.Gen.Sg',0,6),(97,'PPOSS.Neut.Gen.Pl',0,6),(98,'PPOSS.Neut.Gen.*',1,6),(99,'PPOSS.Neut.Dat.Sg',0,6),(100,'PPOSS.Neut.Dat.Pl',0,6),(101,'PPOSS.Neut.Dat.*',1,6),(102,'PPOSS.Neut.Akk.Sg',0,6),(103,'PPOSS.Neut.Akk.Pl',0,6),(104,'PPOSS.Neut.Akk.*',1,6),(105,'PPOSS.Neut.*.Sg',1,6),(106,'PPOSS.Neut.*.Pl',1,6),(107,'PPOSS.Neut.*.*',1,6),(108,'PPOSS.*.Nom.Sg',1,6),(109,'PPOSS.*.Nom.Pl',0,6),(110,'PPOSS.*.Nom.*',1,6),(111,'PPOSS.*.Gen.Sg',1,6),(112,'PPOSS.*.Gen.Pl',0,6),(113,'PPOSS.*.Gen.*',1,6),(114,'PPOSS.*.Dat.Sg',1,6),(115,'PPOSS.*.Dat.Pl',0,6),(116,'PPOSS.*.Dat.*',1,6),(117,'PPOSS.*.Akk.Sg',1,6),(118,'PPOSS.*.Akk.Pl',0,6),(119,'PPOSS.*.Akk.*',1,6),(120,'PPOSS.*.*.Sg',1,6),(121,'PPOSS.*.*.Pl',1,6),(122,'PPOSS.*.*.*',0,6),(123,'PWAV',0,6),(124,'APPR.Nom',0,6),(125,'APPR.Gen',0,6),(126,'APPR.Dat',0,6),(127,'APPR.Akk',0,6),(128,'APPR.*',0,6),(129,'APPR._',0,6),(130,'VMFIN.1.Sg.Pres.Ind',0,6),(131,'VMFIN.1.Sg.Pres.Konj',0,6),(132,'VMFIN.1.Sg.Pres.*',1,6),(133,'VMFIN.1.Sg.Past.Ind',0,6),(134,'VMFIN.1.Sg.Past.Konj',0,6),(135,'VMFIN.1.Sg.Past.*',1,6),(136,'VMFIN.1.Sg.*.Ind',1,6),(137,'VMFIN.1.Sg.*.Konj',1,6),(138,'VMFIN.1.Sg.*.*',1,6),(139,'VMFIN.1.Pl.Pres.Ind',0,6),(140,'VMFIN.1.Pl.Pres.Konj',0,6),(141,'VMFIN.1.Pl.Pres.*',1,6),(142,'VMFIN.1.Pl.Past.Ind',0,6),(143,'VMFIN.1.Pl.Past.Konj',0,6),(144,'VMFIN.1.Pl.Past.*',1,6),(145,'VMFIN.1.Pl.*.Ind',1,6),(146,'VMFIN.1.Pl.*.Konj',1,6),(147,'VMFIN.1.Pl.*.*',1,6),(148,'VMFIN.1.*.Pres.Ind',1,6),(149,'VMFIN.1.*.Pres.Konj',1,6),(150,'VMFIN.1.*.Pres.*',1,6),(151,'VMFIN.1.*.Past.Ind',1,6),(152,'VMFIN.1.*.Past.Konj',1,6),(153,'VMFIN.1.*.Past.*',1,6),(154,'VMFIN.1.*.*.Ind',1,6),(155,'VMFIN.1.*.*.Konj',1,6),(156,'VMFIN.1.*.*.*',1,6),(157,'VMFIN.2.Sg.Pres.Ind',0,6),(158,'VMFIN.2.Sg.Pres.Konj',0,6),(159,'VMFIN.2.Sg.Pres.*',1,6),(160,'VMFIN.2.Sg.Past.Ind',0,6),(161,'VMFIN.2.Sg.Past.Konj',0,6),(162,'VMFIN.2.Sg.Past.*',1,6),(163,'VMFIN.2.Sg.*.Ind',1,6),(164,'VMFIN.2.Sg.*.Konj',1,6),(165,'VMFIN.2.Sg.*.*',1,6),(166,'VMFIN.2.Pl.Pres.Ind',0,6),(167,'VMFIN.2.Pl.Pres.Konj',0,6),(168,'VMFIN.2.Pl.Pres.*',1,6),(169,'VMFIN.2.Pl.Past.Ind',0,6),(170,'VMFIN.2.Pl.Past.Konj',0,6),(171,'VMFIN.2.Pl.Past.*',1,6),(172,'VMFIN.2.Pl.*.Ind',1,6),(173,'VMFIN.2.Pl.*.Konj',1,6),(174,'VMFIN.2.Pl.*.*',1,6),(175,'VMFIN.2.*.Pres.Ind',1,6),(176,'VMFIN.2.*.Pres.Konj',1,6),(177,'VMFIN.2.*.Pres.*',1,6),(178,'VMFIN.2.*.Past.Ind',1,6),(179,'VMFIN.2.*.Past.Konj',1,6),(180,'VMFIN.2.*.Past.*',1,6),(181,'VMFIN.2.*.*.Ind',1,6),(182,'VMFIN.2.*.*.Konj',1,6),(183,'VMFIN.2.*.*.*',1,6),(184,'VMFIN.3.Sg.Pres.Ind',0,6),(185,'VMFIN.3.Sg.Pres.Konj',0,6),(186,'VMFIN.3.Sg.Pres.*',1,6),(187,'VMFIN.3.Sg.Past.Ind',0,6),(188,'VMFIN.3.Sg.Past.Konj',0,6),(189,'VMFIN.3.Sg.Past.*',1,6),(190,'VMFIN.3.Sg.*.Ind',1,6),(191,'VMFIN.3.Sg.*.Konj',1,6),(192,'VMFIN.3.Sg.*.*',1,6),(193,'VMFIN.3.Pl.Pres.Ind',0,6),(194,'VMFIN.3.Pl.Pres.Konj',0,6),(195,'VMFIN.3.Pl.Pres.*',1,6),(196,'VMFIN.3.Pl.Past.Ind',0,6),(197,'VMFIN.3.Pl.Past.Konj',0,6),(198,'VMFIN.3.Pl.Past.*',1,6),(199,'VMFIN.3.Pl.*.Ind',1,6),(200,'VMFIN.3.Pl.*.Konj',1,6),(201,'VMFIN.3.Pl.*.*',1,6),(202,'VMFIN.3.*.Pres.Ind',1,6),(203,'VMFIN.3.*.Pres.Konj',1,6),(204,'VMFIN.3.*.Pres.*',1,6),(205,'VMFIN.3.*.Past.Ind',1,6),(206,'VMFIN.3.*.Past.Konj',1,6),(207,'VMFIN.3.*.Past.*',1,6),(208,'VMFIN.3.*.*.Ind',1,6),(209,'VMFIN.3.*.*.Konj',1,6),(210,'VMFIN.3.*.*.*',1,6),(211,'VMFIN.*.Sg.Pres.Ind',1,6),(212,'VMFIN.*.Sg.Pres.Konj',1,6),(213,'VMFIN.*.Sg.Pres.*',1,6),(214,'VMFIN.*.Sg.Past.Ind',1,6),(215,'VMFIN.*.Sg.Past.Konj',1,6),(216,'VMFIN.*.Sg.Past.*',1,6),(217,'VMFIN.*.Sg.*.Ind',1,6),(218,'VMFIN.*.Sg.*.Konj',1,6),(219,'VMFIN.*.Sg.*.*',1,6),(220,'VMFIN.*.Pl.Pres.Ind',1,6),(221,'VMFIN.*.Pl.Pres.Konj',1,6),(222,'VMFIN.*.Pl.Pres.*',1,6),(223,'VMFIN.*.Pl.Past.Ind',1,6),(224,'VMFIN.*.Pl.Past.Konj',1,6),(225,'VMFIN.*.Pl.Past.*',1,6),(226,'VMFIN.*.Pl.*.Ind',1,6),(227,'VMFIN.*.Pl.*.Konj',1,6),(228,'VMFIN.*.Pl.*.*',1,6),(229,'VMFIN.*.*.Pres.Ind',1,6),(230,'VMFIN.*.*.Pres.Konj',1,6),(231,'VMFIN.*.*.Pres.*',1,6),(232,'VMFIN.*.*.Past.Ind',1,6),(233,'VMFIN.*.*.Past.Konj',1,6),(234,'VMFIN.*.*.Past.*',1,6),(235,'VMFIN.*.*.*.Ind',1,6),(236,'VMFIN.*.*.*.Konj',1,6),(237,'VMFIN.*.*.*.*',0,6),(238,'ADJA.Pos.Masc.Nom.Sg.St',0,6),(239,'ADJA.Pos.Masc.Nom.Sg.Sw',0,6),(240,'ADJA.Pos.Masc.Nom.Sg.Mix',0,6),(241,'ADJA.Pos.Masc.Nom.Sg.*',1,6),(242,'ADJA.Pos.Masc.Nom.Pl.St',0,6),(243,'ADJA.Pos.Masc.Nom.Pl.Sw',0,6),(244,'ADJA.Pos.Masc.Nom.Pl.Mix',0,6),(245,'ADJA.Pos.Masc.Nom.Pl.*',1,6),(246,'ADJA.Pos.Masc.Nom.*.St',1,6),(247,'ADJA.Pos.Masc.Nom.*.Sw',1,6),(248,'ADJA.Pos.Masc.Nom.*.Mix',1,6),(249,'ADJA.Pos.Masc.Nom.*.*',1,6),(250,'ADJA.Pos.Masc.Gen.Sg.St',0,6),(251,'ADJA.Pos.Masc.Gen.Sg.Sw',0,6),(252,'ADJA.Pos.Masc.Gen.Sg.Mix',0,6),(253,'ADJA.Pos.Masc.Gen.Sg.*',1,6),(254,'ADJA.Pos.Masc.Gen.Pl.St',0,6),(255,'ADJA.Pos.Masc.Gen.Pl.Sw',0,6),(256,'ADJA.Pos.Masc.Gen.Pl.Mix',0,6),(257,'ADJA.Pos.Masc.Gen.Pl.*',1,6),(258,'ADJA.Pos.Masc.Gen.*.St',1,6),(259,'ADJA.Pos.Masc.Gen.*.Sw',1,6),(260,'ADJA.Pos.Masc.Gen.*.Mix',1,6),(261,'ADJA.Pos.Masc.Gen.*.*',1,6),(262,'ADJA.Pos.Masc.Dat.Sg.St',0,6),(263,'ADJA.Pos.Masc.Dat.Sg.Sw',0,6),(264,'ADJA.Pos.Masc.Dat.Sg.Mix',0,6),(265,'ADJA.Pos.Masc.Dat.Sg.*',1,6),(266,'ADJA.Pos.Masc.Dat.Pl.St',0,6),(267,'ADJA.Pos.Masc.Dat.Pl.Sw',0,6),(268,'ADJA.Pos.Masc.Dat.Pl.Mix',0,6),(269,'ADJA.Pos.Masc.Dat.Pl.*',1,6),(270,'ADJA.Pos.Masc.Dat.*.St',1,6),(271,'ADJA.Pos.Masc.Dat.*.Sw',1,6),(272,'ADJA.Pos.Masc.Dat.*.Mix',1,6),(273,'ADJA.Pos.Masc.Dat.*.*',1,6),(274,'ADJA.Pos.Masc.Akk.Sg.St',0,6),(275,'ADJA.Pos.Masc.Akk.Sg.Sw',0,6),(276,'ADJA.Pos.Masc.Akk.Sg.Mix',0,6),(277,'ADJA.Pos.Masc.Akk.Sg.*',1,6),(278,'ADJA.Pos.Masc.Akk.Pl.St',0,6),(279,'ADJA.Pos.Masc.Akk.Pl.Sw',0,6),(280,'ADJA.Pos.Masc.Akk.Pl.Mix',0,6),(281,'ADJA.Pos.Masc.Akk.Pl.*',1,6),(282,'ADJA.Pos.Masc.Akk.*.St',1,6),(283,'ADJA.Pos.Masc.Akk.*.Sw',1,6),(284,'ADJA.Pos.Masc.Akk.*.Mix',1,6),(285,'ADJA.Pos.Masc.Akk.*.*',1,6),(286,'ADJA.Pos.Masc.*.Sg.St',1,6),(287,'ADJA.Pos.Masc.*.Sg.Sw',1,6),(288,'ADJA.Pos.Masc.*.Sg.Mix',1,6),(289,'ADJA.Pos.Masc.*.Sg.*',1,6),(290,'ADJA.Pos.Masc.*.Pl.St',1,6),(291,'ADJA.Pos.Masc.*.Pl.Sw',1,6),(292,'ADJA.Pos.Masc.*.Pl.Mix',1,6),(293,'ADJA.Pos.Masc.*.Pl.*',1,6),(294,'ADJA.Pos.Masc.*.*.St',1,6),(295,'ADJA.Pos.Masc.*.*.Sw',1,6),(296,'ADJA.Pos.Masc.*.*.Mix',1,6),(297,'ADJA.Pos.Masc.*.*.*',1,6),(298,'ADJA.Pos.Fem.Nom.Sg.St',0,6),(299,'ADJA.Pos.Fem.Nom.Sg.Sw',0,6),(300,'ADJA.Pos.Fem.Nom.Sg.Mix',0,6),(301,'ADJA.Pos.Fem.Nom.Sg.*',1,6),(302,'ADJA.Pos.Fem.Nom.Pl.St',0,6),(303,'ADJA.Pos.Fem.Nom.Pl.Sw',0,6),(304,'ADJA.Pos.Fem.Nom.Pl.Mix',0,6),(305,'ADJA.Pos.Fem.Nom.Pl.*',1,6),(306,'ADJA.Pos.Fem.Nom.*.St',1,6),(307,'ADJA.Pos.Fem.Nom.*.Sw',1,6),(308,'ADJA.Pos.Fem.Nom.*.Mix',1,6),(309,'ADJA.Pos.Fem.Nom.*.*',1,6),(310,'ADJA.Pos.Fem.Gen.Sg.St',0,6),(311,'ADJA.Pos.Fem.Gen.Sg.Sw',0,6),(312,'ADJA.Pos.Fem.Gen.Sg.Mix',0,6),(313,'ADJA.Pos.Fem.Gen.Sg.*',1,6),(314,'ADJA.Pos.Fem.Gen.Pl.St',0,6),(315,'ADJA.Pos.Fem.Gen.Pl.Sw',0,6),(316,'ADJA.Pos.Fem.Gen.Pl.Mix',0,6),(317,'ADJA.Pos.Fem.Gen.Pl.*',1,6),(318,'ADJA.Pos.Fem.Gen.*.St',1,6),(319,'ADJA.Pos.Fem.Gen.*.Sw',1,6),(320,'ADJA.Pos.Fem.Gen.*.Mix',1,6),(321,'ADJA.Pos.Fem.Gen.*.*',1,6),(322,'ADJA.Pos.Fem.Dat.Sg.St',0,6),(323,'ADJA.Pos.Fem.Dat.Sg.Sw',0,6),(324,'ADJA.Pos.Fem.Dat.Sg.Mix',0,6),(325,'ADJA.Pos.Fem.Dat.Sg.*',1,6),(326,'ADJA.Pos.Fem.Dat.Pl.St',0,6),(327,'ADJA.Pos.Fem.Dat.Pl.Sw',0,6),(328,'ADJA.Pos.Fem.Dat.Pl.Mix',0,6),(329,'ADJA.Pos.Fem.Dat.Pl.*',1,6),(330,'ADJA.Pos.Fem.Dat.*.St',1,6),(331,'ADJA.Pos.Fem.Dat.*.Sw',1,6),(332,'ADJA.Pos.Fem.Dat.*.Mix',1,6),(333,'ADJA.Pos.Fem.Dat.*.*',1,6),(334,'ADJA.Pos.Fem.Akk.Sg.St',0,6),(335,'ADJA.Pos.Fem.Akk.Sg.Sw',0,6),(336,'ADJA.Pos.Fem.Akk.Sg.Mix',0,6),(337,'ADJA.Pos.Fem.Akk.Sg.*',1,6),(338,'ADJA.Pos.Fem.Akk.Pl.St',0,6),(339,'ADJA.Pos.Fem.Akk.Pl.Sw',0,6),(340,'ADJA.Pos.Fem.Akk.Pl.Mix',0,6),(341,'ADJA.Pos.Fem.Akk.Pl.*',1,6),(342,'ADJA.Pos.Fem.Akk.*.St',1,6),(343,'ADJA.Pos.Fem.Akk.*.Sw',1,6),(344,'ADJA.Pos.Fem.Akk.*.Mix',1,6),(345,'ADJA.Pos.Fem.Akk.*.*',1,6),(346,'ADJA.Pos.Fem.*.Sg.St',1,6),(347,'ADJA.Pos.Fem.*.Sg.Sw',1,6),(348,'ADJA.Pos.Fem.*.Sg.Mix',1,6),(349,'ADJA.Pos.Fem.*.Sg.*',1,6),(350,'ADJA.Pos.Fem.*.Pl.St',1,6),(351,'ADJA.Pos.Fem.*.Pl.Sw',1,6),(352,'ADJA.Pos.Fem.*.Pl.Mix',1,6),(353,'ADJA.Pos.Fem.*.Pl.*',1,6),(354,'ADJA.Pos.Fem.*.*.St',1,6),(355,'ADJA.Pos.Fem.*.*.Sw',1,6),(356,'ADJA.Pos.Fem.*.*.Mix',1,6),(357,'ADJA.Pos.Fem.*.*.*',1,6),(358,'ADJA.Pos.Neut.Nom.Sg.St',0,6),(359,'ADJA.Pos.Neut.Nom.Sg.Sw',0,6),(360,'ADJA.Pos.Neut.Nom.Sg.Mix',0,6),(361,'ADJA.Pos.Neut.Nom.Sg.*',1,6),(362,'ADJA.Pos.Neut.Nom.Pl.St',0,6),(363,'ADJA.Pos.Neut.Nom.Pl.Sw',0,6),(364,'ADJA.Pos.Neut.Nom.Pl.Mix',0,6),(365,'ADJA.Pos.Neut.Nom.Pl.*',1,6),(366,'ADJA.Pos.Neut.Nom.*.St',1,6),(367,'ADJA.Pos.Neut.Nom.*.Sw',1,6),(368,'ADJA.Pos.Neut.Nom.*.Mix',1,6),(369,'ADJA.Pos.Neut.Nom.*.*',1,6),(370,'ADJA.Pos.Neut.Gen.Sg.St',0,6),(371,'ADJA.Pos.Neut.Gen.Sg.Sw',0,6),(372,'ADJA.Pos.Neut.Gen.Sg.Mix',0,6),(373,'ADJA.Pos.Neut.Gen.Sg.*',1,6),(374,'ADJA.Pos.Neut.Gen.Pl.St',0,6),(375,'ADJA.Pos.Neut.Gen.Pl.Sw',0,6),(376,'ADJA.Pos.Neut.Gen.Pl.Mix',0,6),(377,'ADJA.Pos.Neut.Gen.Pl.*',1,6),(378,'ADJA.Pos.Neut.Gen.*.St',1,6),(379,'ADJA.Pos.Neut.Gen.*.Sw',1,6),(380,'ADJA.Pos.Neut.Gen.*.Mix',1,6),(381,'ADJA.Pos.Neut.Gen.*.*',1,6),(382,'ADJA.Pos.Neut.Dat.Sg.St',0,6),(383,'ADJA.Pos.Neut.Dat.Sg.Sw',0,6),(384,'ADJA.Pos.Neut.Dat.Sg.Mix',0,6),(385,'ADJA.Pos.Neut.Dat.Sg.*',1,6),(386,'ADJA.Pos.Neut.Dat.Pl.St',0,6),(387,'ADJA.Pos.Neut.Dat.Pl.Sw',0,6),(388,'ADJA.Pos.Neut.Dat.Pl.Mix',0,6),(389,'ADJA.Pos.Neut.Dat.Pl.*',1,6),(390,'ADJA.Pos.Neut.Dat.*.St',1,6),(391,'ADJA.Pos.Neut.Dat.*.Sw',1,6),(392,'ADJA.Pos.Neut.Dat.*.Mix',1,6),(393,'ADJA.Pos.Neut.Dat.*.*',1,6),(394,'ADJA.Pos.Neut.Akk.Sg.St',0,6),(395,'ADJA.Pos.Neut.Akk.Sg.Sw',0,6),(396,'ADJA.Pos.Neut.Akk.Sg.Mix',0,6),(397,'ADJA.Pos.Neut.Akk.Sg.*',1,6),(398,'ADJA.Pos.Neut.Akk.Pl.St',0,6),(399,'ADJA.Pos.Neut.Akk.Pl.Sw',0,6),(400,'ADJA.Pos.Neut.Akk.Pl.Mix',0,6),(401,'ADJA.Pos.Neut.Akk.Pl.*',1,6),(402,'ADJA.Pos.Neut.Akk.*.St',1,6),(403,'ADJA.Pos.Neut.Akk.*.Sw',1,6),(404,'ADJA.Pos.Neut.Akk.*.Mix',1,6),(405,'ADJA.Pos.Neut.Akk.*.*',1,6),(406,'ADJA.Pos.Neut.*.Sg.St',1,6),(407,'ADJA.Pos.Neut.*.Sg.Sw',1,6),(408,'ADJA.Pos.Neut.*.Sg.Mix',1,6),(409,'ADJA.Pos.Neut.*.Sg.*',1,6),(410,'ADJA.Pos.Neut.*.Pl.St',1,6),(411,'ADJA.Pos.Neut.*.Pl.Sw',1,6),(412,'ADJA.Pos.Neut.*.Pl.Mix',1,6),(413,'ADJA.Pos.Neut.*.Pl.*',1,6),(414,'ADJA.Pos.Neut.*.*.St',1,6),(415,'ADJA.Pos.Neut.*.*.Sw',1,6),(416,'ADJA.Pos.Neut.*.*.Mix',1,6),(417,'ADJA.Pos.Neut.*.*.*',1,6),(418,'ADJA.Pos.*.Nom.Sg.St',1,6),(419,'ADJA.Pos.*.Nom.Sg.Sw',1,6),(420,'ADJA.Pos.*.Nom.Sg.Mix',1,6),(421,'ADJA.Pos.*.Nom.Sg.*',1,6),(422,'ADJA.Pos.*.Nom.Pl.St',0,6),(423,'ADJA.Pos.*.Nom.Pl.Sw',0,6),(424,'ADJA.Pos.*.Nom.Pl.Mix',0,6),(425,'ADJA.Pos.*.Nom.Pl.*',1,6),(426,'ADJA.Pos.*.Nom.*.St',1,6),(427,'ADJA.Pos.*.Nom.*.Sw',1,6),(428,'ADJA.Pos.*.Nom.*.Mix',1,6),(429,'ADJA.Pos.*.Nom.*.*',1,6),(430,'ADJA.Pos.*.Gen.Sg.St',1,6),(431,'ADJA.Pos.*.Gen.Sg.Sw',1,6),(432,'ADJA.Pos.*.Gen.Sg.Mix',1,6),(433,'ADJA.Pos.*.Gen.Sg.*',1,6),(434,'ADJA.Pos.*.Gen.Pl.St',0,6),(435,'ADJA.Pos.*.Gen.Pl.Sw',0,6),(436,'ADJA.Pos.*.Gen.Pl.Mix',0,6),(437,'ADJA.Pos.*.Gen.Pl.*',1,6),(438,'ADJA.Pos.*.Gen.*.St',1,6),(439,'ADJA.Pos.*.Gen.*.Sw',1,6),(440,'ADJA.Pos.*.Gen.*.Mix',1,6),(441,'ADJA.Pos.*.Gen.*.*',1,6),(442,'ADJA.Pos.*.Dat.Sg.St',1,6),(443,'ADJA.Pos.*.Dat.Sg.Sw',1,6),(444,'ADJA.Pos.*.Dat.Sg.Mix',1,6),(445,'ADJA.Pos.*.Dat.Sg.*',1,6),(446,'ADJA.Pos.*.Dat.Pl.St',0,6),(447,'ADJA.Pos.*.Dat.Pl.Sw',0,6),(448,'ADJA.Pos.*.Dat.Pl.Mix',0,6),(449,'ADJA.Pos.*.Dat.Pl.*',1,6),(450,'ADJA.Pos.*.Dat.*.St',1,6),(451,'ADJA.Pos.*.Dat.*.Sw',1,6),(452,'ADJA.Pos.*.Dat.*.Mix',1,6),(453,'ADJA.Pos.*.Dat.*.*',1,6),(454,'ADJA.Pos.*.Akk.Sg.St',1,6),(455,'ADJA.Pos.*.Akk.Sg.Sw',1,6),(456,'ADJA.Pos.*.Akk.Sg.Mix',1,6),(457,'ADJA.Pos.*.Akk.Sg.*',1,6),(458,'ADJA.Pos.*.Akk.Pl.St',0,6),(459,'ADJA.Pos.*.Akk.Pl.Sw',0,6),(460,'ADJA.Pos.*.Akk.Pl.Mix',0,6),(461,'ADJA.Pos.*.Akk.Pl.*',1,6),(462,'ADJA.Pos.*.Akk.*.St',1,6),(463,'ADJA.Pos.*.Akk.*.Sw',1,6),(464,'ADJA.Pos.*.Akk.*.Mix',1,6),(465,'ADJA.Pos.*.Akk.*.*',1,6),(466,'ADJA.Pos.*.*.Sg.St',1,6),(467,'ADJA.Pos.*.*.Sg.Sw',1,6),(468,'ADJA.Pos.*.*.Sg.Mix',1,6),(469,'ADJA.Pos.*.*.Sg.*',1,6),(470,'ADJA.Pos.*.*.Pl.St',1,6),(471,'ADJA.Pos.*.*.Pl.Sw',1,6),(472,'ADJA.Pos.*.*.Pl.Mix',1,6),(473,'ADJA.Pos.*.*.Pl.*',1,6),(474,'ADJA.Pos.*.*.*.St',1,6),(475,'ADJA.Pos.*.*.*.Sw',1,6),(476,'ADJA.Pos.*.*.*.Mix',1,6),(477,'ADJA.Pos.*.*.*.*',1,6),(478,'ADJA.Comp.Masc.Nom.Sg.St',0,6),(479,'ADJA.Comp.Masc.Nom.Sg.Sw',0,6),(480,'ADJA.Comp.Masc.Nom.Sg.Mix',0,6),(481,'ADJA.Comp.Masc.Nom.Sg.*',1,6),(482,'ADJA.Comp.Masc.Nom.Pl.St',0,6),(483,'ADJA.Comp.Masc.Nom.Pl.Sw',0,6),(484,'ADJA.Comp.Masc.Nom.Pl.Mix',0,6),(485,'ADJA.Comp.Masc.Nom.Pl.*',1,6),(486,'ADJA.Comp.Masc.Nom.*.St',1,6),(487,'ADJA.Comp.Masc.Nom.*.Sw',1,6),(488,'ADJA.Comp.Masc.Nom.*.Mix',1,6),(489,'ADJA.Comp.Masc.Nom.*.*',1,6),(490,'ADJA.Comp.Masc.Gen.Sg.St',0,6),(491,'ADJA.Comp.Masc.Gen.Sg.Sw',0,6),(492,'ADJA.Comp.Masc.Gen.Sg.Mix',0,6),(493,'ADJA.Comp.Masc.Gen.Sg.*',1,6),(494,'ADJA.Comp.Masc.Gen.Pl.St',0,6),(495,'ADJA.Comp.Masc.Gen.Pl.Sw',0,6),(496,'ADJA.Comp.Masc.Gen.Pl.Mix',0,6),(497,'ADJA.Comp.Masc.Gen.Pl.*',1,6),(498,'ADJA.Comp.Masc.Gen.*.St',1,6),(499,'ADJA.Comp.Masc.Gen.*.Sw',1,6),(500,'ADJA.Comp.Masc.Gen.*.Mix',1,6),(501,'ADJA.Comp.Masc.Gen.*.*',1,6),(502,'ADJA.Comp.Masc.Dat.Sg.St',0,6),(503,'ADJA.Comp.Masc.Dat.Sg.Sw',0,6),(504,'ADJA.Comp.Masc.Dat.Sg.Mix',0,6),(505,'ADJA.Comp.Masc.Dat.Sg.*',1,6),(506,'ADJA.Comp.Masc.Dat.Pl.St',0,6),(507,'ADJA.Comp.Masc.Dat.Pl.Sw',0,6),(508,'ADJA.Comp.Masc.Dat.Pl.Mix',0,6),(509,'ADJA.Comp.Masc.Dat.Pl.*',1,6),(510,'ADJA.Comp.Masc.Dat.*.St',1,6),(511,'ADJA.Comp.Masc.Dat.*.Sw',1,6),(512,'ADJA.Comp.Masc.Dat.*.Mix',1,6),(513,'ADJA.Comp.Masc.Dat.*.*',1,6),(514,'ADJA.Comp.Masc.Akk.Sg.St',0,6),(515,'ADJA.Comp.Masc.Akk.Sg.Sw',0,6),(516,'ADJA.Comp.Masc.Akk.Sg.Mix',0,6),(517,'ADJA.Comp.Masc.Akk.Sg.*',1,6),(518,'ADJA.Comp.Masc.Akk.Pl.St',0,6),(519,'ADJA.Comp.Masc.Akk.Pl.Sw',0,6),(520,'ADJA.Comp.Masc.Akk.Pl.Mix',0,6),(521,'ADJA.Comp.Masc.Akk.Pl.*',1,6),(522,'ADJA.Comp.Masc.Akk.*.St',1,6),(523,'ADJA.Comp.Masc.Akk.*.Sw',1,6),(524,'ADJA.Comp.Masc.Akk.*.Mix',1,6),(525,'ADJA.Comp.Masc.Akk.*.*',1,6),(526,'ADJA.Comp.Masc.*.Sg.St',1,6),(527,'ADJA.Comp.Masc.*.Sg.Sw',1,6),(528,'ADJA.Comp.Masc.*.Sg.Mix',1,6),(529,'ADJA.Comp.Masc.*.Sg.*',1,6),(530,'ADJA.Comp.Masc.*.Pl.St',1,6),(531,'ADJA.Comp.Masc.*.Pl.Sw',1,6),(532,'ADJA.Comp.Masc.*.Pl.Mix',1,6),(533,'ADJA.Comp.Masc.*.Pl.*',1,6),(534,'ADJA.Comp.Masc.*.*.St',1,6),(535,'ADJA.Comp.Masc.*.*.Sw',1,6),(536,'ADJA.Comp.Masc.*.*.Mix',1,6),(537,'ADJA.Comp.Masc.*.*.*',1,6),(538,'ADJA.Comp.Fem.Nom.Sg.St',0,6),(539,'ADJA.Comp.Fem.Nom.Sg.Sw',0,6),(540,'ADJA.Comp.Fem.Nom.Sg.Mix',0,6),(541,'ADJA.Comp.Fem.Nom.Sg.*',1,6),(542,'ADJA.Comp.Fem.Nom.Pl.St',0,6),(543,'ADJA.Comp.Fem.Nom.Pl.Sw',0,6),(544,'ADJA.Comp.Fem.Nom.Pl.Mix',0,6),(545,'ADJA.Comp.Fem.Nom.Pl.*',1,6),(546,'ADJA.Comp.Fem.Nom.*.St',1,6),(547,'ADJA.Comp.Fem.Nom.*.Sw',1,6),(548,'ADJA.Comp.Fem.Nom.*.Mix',1,6),(549,'ADJA.Comp.Fem.Nom.*.*',1,6),(550,'ADJA.Comp.Fem.Gen.Sg.St',0,6),(551,'ADJA.Comp.Fem.Gen.Sg.Sw',0,6),(552,'ADJA.Comp.Fem.Gen.Sg.Mix',0,6),(553,'ADJA.Comp.Fem.Gen.Sg.*',1,6),(554,'ADJA.Comp.Fem.Gen.Pl.St',0,6),(555,'ADJA.Comp.Fem.Gen.Pl.Sw',0,6),(556,'ADJA.Comp.Fem.Gen.Pl.Mix',0,6),(557,'ADJA.Comp.Fem.Gen.Pl.*',1,6),(558,'ADJA.Comp.Fem.Gen.*.St',1,6),(559,'ADJA.Comp.Fem.Gen.*.Sw',1,6),(560,'ADJA.Comp.Fem.Gen.*.Mix',1,6),(561,'ADJA.Comp.Fem.Gen.*.*',1,6),(562,'ADJA.Comp.Fem.Dat.Sg.St',0,6),(563,'ADJA.Comp.Fem.Dat.Sg.Sw',0,6),(564,'ADJA.Comp.Fem.Dat.Sg.Mix',0,6),(565,'ADJA.Comp.Fem.Dat.Sg.*',1,6),(566,'ADJA.Comp.Fem.Dat.Pl.St',0,6),(567,'ADJA.Comp.Fem.Dat.Pl.Sw',0,6),(568,'ADJA.Comp.Fem.Dat.Pl.Mix',0,6),(569,'ADJA.Comp.Fem.Dat.Pl.*',1,6),(570,'ADJA.Comp.Fem.Dat.*.St',1,6),(571,'ADJA.Comp.Fem.Dat.*.Sw',1,6),(572,'ADJA.Comp.Fem.Dat.*.Mix',1,6),(573,'ADJA.Comp.Fem.Dat.*.*',1,6),(574,'ADJA.Comp.Fem.Akk.Sg.St',0,6),(575,'ADJA.Comp.Fem.Akk.Sg.Sw',0,6),(576,'ADJA.Comp.Fem.Akk.Sg.Mix',0,6),(577,'ADJA.Comp.Fem.Akk.Sg.*',1,6),(578,'ADJA.Comp.Fem.Akk.Pl.St',0,6),(579,'ADJA.Comp.Fem.Akk.Pl.Sw',0,6),(580,'ADJA.Comp.Fem.Akk.Pl.Mix',0,6),(581,'ADJA.Comp.Fem.Akk.Pl.*',1,6),(582,'ADJA.Comp.Fem.Akk.*.St',1,6),(583,'ADJA.Comp.Fem.Akk.*.Sw',1,6),(584,'ADJA.Comp.Fem.Akk.*.Mix',1,6),(585,'ADJA.Comp.Fem.Akk.*.*',1,6),(586,'ADJA.Comp.Fem.*.Sg.St',1,6),(587,'ADJA.Comp.Fem.*.Sg.Sw',1,6),(588,'ADJA.Comp.Fem.*.Sg.Mix',1,6),(589,'ADJA.Comp.Fem.*.Sg.*',1,6),(590,'ADJA.Comp.Fem.*.Pl.St',1,6),(591,'ADJA.Comp.Fem.*.Pl.Sw',1,6),(592,'ADJA.Comp.Fem.*.Pl.Mix',1,6),(593,'ADJA.Comp.Fem.*.Pl.*',1,6),(594,'ADJA.Comp.Fem.*.*.St',1,6),(595,'ADJA.Comp.Fem.*.*.Sw',1,6),(596,'ADJA.Comp.Fem.*.*.Mix',1,6),(597,'ADJA.Comp.Fem.*.*.*',1,6),(598,'ADJA.Comp.Neut.Nom.Sg.St',0,6),(599,'ADJA.Comp.Neut.Nom.Sg.Sw',0,6),(600,'ADJA.Comp.Neut.Nom.Sg.Mix',0,6),(601,'ADJA.Comp.Neut.Nom.Sg.*',1,6),(602,'ADJA.Comp.Neut.Nom.Pl.St',0,6),(603,'ADJA.Comp.Neut.Nom.Pl.Sw',0,6),(604,'ADJA.Comp.Neut.Nom.Pl.Mix',0,6),(605,'ADJA.Comp.Neut.Nom.Pl.*',1,6),(606,'ADJA.Comp.Neut.Nom.*.St',1,6),(607,'ADJA.Comp.Neut.Nom.*.Sw',1,6),(608,'ADJA.Comp.Neut.Nom.*.Mix',1,6),(609,'ADJA.Comp.Neut.Nom.*.*',1,6),(610,'ADJA.Comp.Neut.Gen.Sg.St',0,6),(611,'ADJA.Comp.Neut.Gen.Sg.Sw',0,6),(612,'ADJA.Comp.Neut.Gen.Sg.Mix',0,6),(613,'ADJA.Comp.Neut.Gen.Sg.*',1,6),(614,'ADJA.Comp.Neut.Gen.Pl.St',0,6),(615,'ADJA.Comp.Neut.Gen.Pl.Sw',0,6),(616,'ADJA.Comp.Neut.Gen.Pl.Mix',0,6),(617,'ADJA.Comp.Neut.Gen.Pl.*',1,6),(618,'ADJA.Comp.Neut.Gen.*.St',1,6),(619,'ADJA.Comp.Neut.Gen.*.Sw',1,6),(620,'ADJA.Comp.Neut.Gen.*.Mix',1,6),(621,'ADJA.Comp.Neut.Gen.*.*',1,6),(622,'ADJA.Comp.Neut.Dat.Sg.St',0,6),(623,'ADJA.Comp.Neut.Dat.Sg.Sw',0,6),(624,'ADJA.Comp.Neut.Dat.Sg.Mix',0,6),(625,'ADJA.Comp.Neut.Dat.Sg.*',1,6),(626,'ADJA.Comp.Neut.Dat.Pl.St',0,6),(627,'ADJA.Comp.Neut.Dat.Pl.Sw',0,6),(628,'ADJA.Comp.Neut.Dat.Pl.Mix',0,6),(629,'ADJA.Comp.Neut.Dat.Pl.*',1,6),(630,'ADJA.Comp.Neut.Dat.*.St',1,6),(631,'ADJA.Comp.Neut.Dat.*.Sw',1,6),(632,'ADJA.Comp.Neut.Dat.*.Mix',1,6),(633,'ADJA.Comp.Neut.Dat.*.*',1,6),(634,'ADJA.Comp.Neut.Akk.Sg.St',0,6),(635,'ADJA.Comp.Neut.Akk.Sg.Sw',0,6),(636,'ADJA.Comp.Neut.Akk.Sg.Mix',0,6),(637,'ADJA.Comp.Neut.Akk.Sg.*',1,6),(638,'ADJA.Comp.Neut.Akk.Pl.St',0,6),(639,'ADJA.Comp.Neut.Akk.Pl.Sw',0,6),(640,'ADJA.Comp.Neut.Akk.Pl.Mix',0,6),(641,'ADJA.Comp.Neut.Akk.Pl.*',1,6),(642,'ADJA.Comp.Neut.Akk.*.St',1,6),(643,'ADJA.Comp.Neut.Akk.*.Sw',1,6),(644,'ADJA.Comp.Neut.Akk.*.Mix',1,6),(645,'ADJA.Comp.Neut.Akk.*.*',1,6),(646,'ADJA.Comp.Neut.*.Sg.St',1,6),(647,'ADJA.Comp.Neut.*.Sg.Sw',1,6),(648,'ADJA.Comp.Neut.*.Sg.Mix',1,6),(649,'ADJA.Comp.Neut.*.Sg.*',1,6),(650,'ADJA.Comp.Neut.*.Pl.St',1,6),(651,'ADJA.Comp.Neut.*.Pl.Sw',1,6),(652,'ADJA.Comp.Neut.*.Pl.Mix',1,6),(653,'ADJA.Comp.Neut.*.Pl.*',1,6),(654,'ADJA.Comp.Neut.*.*.St',1,6),(655,'ADJA.Comp.Neut.*.*.Sw',1,6),(656,'ADJA.Comp.Neut.*.*.Mix',1,6),(657,'ADJA.Comp.Neut.*.*.*',1,6),(658,'ADJA.Comp.*.Nom.Sg.St',1,6),(659,'ADJA.Comp.*.Nom.Sg.Sw',1,6),(660,'ADJA.Comp.*.Nom.Sg.Mix',1,6),(661,'ADJA.Comp.*.Nom.Sg.*',1,6),(662,'ADJA.Comp.*.Nom.Pl.St',0,6),(663,'ADJA.Comp.*.Nom.Pl.Sw',0,6),(664,'ADJA.Comp.*.Nom.Pl.Mix',0,6),(665,'ADJA.Comp.*.Nom.Pl.*',1,6),(666,'ADJA.Comp.*.Nom.*.St',1,6),(667,'ADJA.Comp.*.Nom.*.Sw',1,6),(668,'ADJA.Comp.*.Nom.*.Mix',1,6),(669,'ADJA.Comp.*.Nom.*.*',1,6),(670,'ADJA.Comp.*.Gen.Sg.St',1,6),(671,'ADJA.Comp.*.Gen.Sg.Sw',1,6),(672,'ADJA.Comp.*.Gen.Sg.Mix',1,6),(673,'ADJA.Comp.*.Gen.Sg.*',1,6),(674,'ADJA.Comp.*.Gen.Pl.St',0,6),(675,'ADJA.Comp.*.Gen.Pl.Sw',0,6),(676,'ADJA.Comp.*.Gen.Pl.Mix',0,6),(677,'ADJA.Comp.*.Gen.Pl.*',1,6),(678,'ADJA.Comp.*.Gen.*.St',1,6),(679,'ADJA.Comp.*.Gen.*.Sw',1,6),(680,'ADJA.Comp.*.Gen.*.Mix',1,6),(681,'ADJA.Comp.*.Gen.*.*',1,6),(682,'ADJA.Comp.*.Dat.Sg.St',1,6),(683,'ADJA.Comp.*.Dat.Sg.Sw',1,6),(684,'ADJA.Comp.*.Dat.Sg.Mix',1,6),(685,'ADJA.Comp.*.Dat.Sg.*',1,6),(686,'ADJA.Comp.*.Dat.Pl.St',0,6),(687,'ADJA.Comp.*.Dat.Pl.Sw',0,6),(688,'ADJA.Comp.*.Dat.Pl.Mix',0,6),(689,'ADJA.Comp.*.Dat.Pl.*',1,6),(690,'ADJA.Comp.*.Dat.*.St',1,6),(691,'ADJA.Comp.*.Dat.*.Sw',1,6),(692,'ADJA.Comp.*.Dat.*.Mix',1,6),(693,'ADJA.Comp.*.Dat.*.*',1,6),(694,'ADJA.Comp.*.Akk.Sg.St',1,6),(695,'ADJA.Comp.*.Akk.Sg.Sw',1,6),(696,'ADJA.Comp.*.Akk.Sg.Mix',1,6),(697,'ADJA.Comp.*.Akk.Sg.*',1,6),(698,'ADJA.Comp.*.Akk.Pl.St',0,6),(699,'ADJA.Comp.*.Akk.Pl.Sw',0,6),(700,'ADJA.Comp.*.Akk.Pl.Mix',0,6),(701,'ADJA.Comp.*.Akk.Pl.*',1,6),(702,'ADJA.Comp.*.Akk.*.St',1,6),(703,'ADJA.Comp.*.Akk.*.Sw',1,6),(704,'ADJA.Comp.*.Akk.*.Mix',1,6),(705,'ADJA.Comp.*.Akk.*.*',1,6),(706,'ADJA.Comp.*.*.Sg.St',1,6),(707,'ADJA.Comp.*.*.Sg.Sw',1,6),(708,'ADJA.Comp.*.*.Sg.Mix',1,6),(709,'ADJA.Comp.*.*.Sg.*',1,6),(710,'ADJA.Comp.*.*.Pl.St',1,6),(711,'ADJA.Comp.*.*.Pl.Sw',1,6),(712,'ADJA.Comp.*.*.Pl.Mix',1,6),(713,'ADJA.Comp.*.*.Pl.*',1,6),(714,'ADJA.Comp.*.*.*.St',1,6),(715,'ADJA.Comp.*.*.*.Sw',1,6),(716,'ADJA.Comp.*.*.*.Mix',1,6),(717,'ADJA.Comp.*.*.*.*',1,6),(718,'ADJA.Sup.Masc.Nom.Sg.St',0,6),(719,'ADJA.Sup.Masc.Nom.Sg.Sw',0,6),(720,'ADJA.Sup.Masc.Nom.Sg.Mix',0,6),(721,'ADJA.Sup.Masc.Nom.Sg.*',1,6),(722,'ADJA.Sup.Masc.Nom.Pl.St',0,6),(723,'ADJA.Sup.Masc.Nom.Pl.Sw',0,6),(724,'ADJA.Sup.Masc.Nom.Pl.Mix',0,6),(725,'ADJA.Sup.Masc.Nom.Pl.*',1,6),(726,'ADJA.Sup.Masc.Nom.*.St',1,6),(727,'ADJA.Sup.Masc.Nom.*.Sw',1,6),(728,'ADJA.Sup.Masc.Nom.*.Mix',1,6),(729,'ADJA.Sup.Masc.Nom.*.*',1,6),(730,'ADJA.Sup.Masc.Gen.Sg.St',0,6),(731,'ADJA.Sup.Masc.Gen.Sg.Sw',0,6),(732,'ADJA.Sup.Masc.Gen.Sg.Mix',0,6),(733,'ADJA.Sup.Masc.Gen.Sg.*',1,6),(734,'ADJA.Sup.Masc.Gen.Pl.St',0,6),(735,'ADJA.Sup.Masc.Gen.Pl.Sw',0,6),(736,'ADJA.Sup.Masc.Gen.Pl.Mix',0,6),(737,'ADJA.Sup.Masc.Gen.Pl.*',1,6),(738,'ADJA.Sup.Masc.Gen.*.St',1,6),(739,'ADJA.Sup.Masc.Gen.*.Sw',1,6),(740,'ADJA.Sup.Masc.Gen.*.Mix',1,6),(741,'ADJA.Sup.Masc.Gen.*.*',1,6),(742,'ADJA.Sup.Masc.Dat.Sg.St',0,6),(743,'ADJA.Sup.Masc.Dat.Sg.Sw',0,6),(744,'ADJA.Sup.Masc.Dat.Sg.Mix',0,6),(745,'ADJA.Sup.Masc.Dat.Sg.*',1,6),(746,'ADJA.Sup.Masc.Dat.Pl.St',0,6),(747,'ADJA.Sup.Masc.Dat.Pl.Sw',0,6),(748,'ADJA.Sup.Masc.Dat.Pl.Mix',0,6),(749,'ADJA.Sup.Masc.Dat.Pl.*',1,6),(750,'ADJA.Sup.Masc.Dat.*.St',1,6),(751,'ADJA.Sup.Masc.Dat.*.Sw',1,6),(752,'ADJA.Sup.Masc.Dat.*.Mix',1,6),(753,'ADJA.Sup.Masc.Dat.*.*',1,6),(754,'ADJA.Sup.Masc.Akk.Sg.St',0,6),(755,'ADJA.Sup.Masc.Akk.Sg.Sw',0,6),(756,'ADJA.Sup.Masc.Akk.Sg.Mix',0,6),(757,'ADJA.Sup.Masc.Akk.Sg.*',1,6),(758,'ADJA.Sup.Masc.Akk.Pl.St',0,6),(759,'ADJA.Sup.Masc.Akk.Pl.Sw',0,6),(760,'ADJA.Sup.Masc.Akk.Pl.Mix',0,6),(761,'ADJA.Sup.Masc.Akk.Pl.*',1,6),(762,'ADJA.Sup.Masc.Akk.*.St',1,6),(763,'ADJA.Sup.Masc.Akk.*.Sw',1,6),(764,'ADJA.Sup.Masc.Akk.*.Mix',1,6),(765,'ADJA.Sup.Masc.Akk.*.*',1,6),(766,'ADJA.Sup.Masc.*.Sg.St',1,6),(767,'ADJA.Sup.Masc.*.Sg.Sw',1,6),(768,'ADJA.Sup.Masc.*.Sg.Mix',1,6),(769,'ADJA.Sup.Masc.*.Sg.*',1,6),(770,'ADJA.Sup.Masc.*.Pl.St',1,6),(771,'ADJA.Sup.Masc.*.Pl.Sw',1,6),(772,'ADJA.Sup.Masc.*.Pl.Mix',1,6),(773,'ADJA.Sup.Masc.*.Pl.*',1,6),(774,'ADJA.Sup.Masc.*.*.St',1,6),(775,'ADJA.Sup.Masc.*.*.Sw',1,6),(776,'ADJA.Sup.Masc.*.*.Mix',1,6),(777,'ADJA.Sup.Masc.*.*.*',1,6),(778,'ADJA.Sup.Fem.Nom.Sg.St',0,6),(779,'ADJA.Sup.Fem.Nom.Sg.Sw',0,6),(780,'ADJA.Sup.Fem.Nom.Sg.Mix',0,6),(781,'ADJA.Sup.Fem.Nom.Sg.*',1,6),(782,'ADJA.Sup.Fem.Nom.Pl.St',0,6),(783,'ADJA.Sup.Fem.Nom.Pl.Sw',0,6),(784,'ADJA.Sup.Fem.Nom.Pl.Mix',0,6),(785,'ADJA.Sup.Fem.Nom.Pl.*',1,6),(786,'ADJA.Sup.Fem.Nom.*.St',1,6),(787,'ADJA.Sup.Fem.Nom.*.Sw',1,6),(788,'ADJA.Sup.Fem.Nom.*.Mix',1,6),(789,'ADJA.Sup.Fem.Nom.*.*',1,6),(790,'ADJA.Sup.Fem.Gen.Sg.St',0,6),(791,'ADJA.Sup.Fem.Gen.Sg.Sw',0,6),(792,'ADJA.Sup.Fem.Gen.Sg.Mix',0,6),(793,'ADJA.Sup.Fem.Gen.Sg.*',1,6),(794,'ADJA.Sup.Fem.Gen.Pl.St',0,6),(795,'ADJA.Sup.Fem.Gen.Pl.Sw',0,6),(796,'ADJA.Sup.Fem.Gen.Pl.Mix',0,6),(797,'ADJA.Sup.Fem.Gen.Pl.*',1,6),(798,'ADJA.Sup.Fem.Gen.*.St',1,6),(799,'ADJA.Sup.Fem.Gen.*.Sw',1,6),(800,'ADJA.Sup.Fem.Gen.*.Mix',1,6),(801,'ADJA.Sup.Fem.Gen.*.*',1,6),(802,'ADJA.Sup.Fem.Dat.Sg.St',0,6),(803,'ADJA.Sup.Fem.Dat.Sg.Sw',0,6),(804,'ADJA.Sup.Fem.Dat.Sg.Mix',0,6),(805,'ADJA.Sup.Fem.Dat.Sg.*',1,6),(806,'ADJA.Sup.Fem.Dat.Pl.St',0,6),(807,'ADJA.Sup.Fem.Dat.Pl.Sw',0,6),(808,'ADJA.Sup.Fem.Dat.Pl.Mix',0,6),(809,'ADJA.Sup.Fem.Dat.Pl.*',1,6),(810,'ADJA.Sup.Fem.Dat.*.St',1,6),(811,'ADJA.Sup.Fem.Dat.*.Sw',1,6),(812,'ADJA.Sup.Fem.Dat.*.Mix',1,6),(813,'ADJA.Sup.Fem.Dat.*.*',1,6),(814,'ADJA.Sup.Fem.Akk.Sg.St',0,6),(815,'ADJA.Sup.Fem.Akk.Sg.Sw',0,6),(816,'ADJA.Sup.Fem.Akk.Sg.Mix',0,6),(817,'ADJA.Sup.Fem.Akk.Sg.*',1,6),(818,'ADJA.Sup.Fem.Akk.Pl.St',0,6),(819,'ADJA.Sup.Fem.Akk.Pl.Sw',0,6),(820,'ADJA.Sup.Fem.Akk.Pl.Mix',0,6),(821,'ADJA.Sup.Fem.Akk.Pl.*',1,6),(822,'ADJA.Sup.Fem.Akk.*.St',1,6),(823,'ADJA.Sup.Fem.Akk.*.Sw',1,6),(824,'ADJA.Sup.Fem.Akk.*.Mix',1,6),(825,'ADJA.Sup.Fem.Akk.*.*',1,6),(826,'ADJA.Sup.Fem.*.Sg.St',1,6),(827,'ADJA.Sup.Fem.*.Sg.Sw',1,6),(828,'ADJA.Sup.Fem.*.Sg.Mix',1,6),(829,'ADJA.Sup.Fem.*.Sg.*',1,6),(830,'ADJA.Sup.Fem.*.Pl.St',1,6),(831,'ADJA.Sup.Fem.*.Pl.Sw',1,6),(832,'ADJA.Sup.Fem.*.Pl.Mix',1,6),(833,'ADJA.Sup.Fem.*.Pl.*',1,6),(834,'ADJA.Sup.Fem.*.*.St',1,6),(835,'ADJA.Sup.Fem.*.*.Sw',1,6),(836,'ADJA.Sup.Fem.*.*.Mix',1,6),(837,'ADJA.Sup.Fem.*.*.*',1,6),(838,'ADJA.Sup.Neut.Nom.Sg.St',0,6),(839,'ADJA.Sup.Neut.Nom.Sg.Sw',0,6),(840,'ADJA.Sup.Neut.Nom.Sg.Mix',0,6),(841,'ADJA.Sup.Neut.Nom.Sg.*',1,6),(842,'ADJA.Sup.Neut.Nom.Pl.St',0,6),(843,'ADJA.Sup.Neut.Nom.Pl.Sw',0,6),(844,'ADJA.Sup.Neut.Nom.Pl.Mix',0,6),(845,'ADJA.Sup.Neut.Nom.Pl.*',1,6),(846,'ADJA.Sup.Neut.Nom.*.St',1,6),(847,'ADJA.Sup.Neut.Nom.*.Sw',1,6),(848,'ADJA.Sup.Neut.Nom.*.Mix',1,6),(849,'ADJA.Sup.Neut.Nom.*.*',1,6),(850,'ADJA.Sup.Neut.Gen.Sg.St',0,6),(851,'ADJA.Sup.Neut.Gen.Sg.Sw',0,6),(852,'ADJA.Sup.Neut.Gen.Sg.Mix',0,6),(853,'ADJA.Sup.Neut.Gen.Sg.*',1,6),(854,'ADJA.Sup.Neut.Gen.Pl.St',0,6),(855,'ADJA.Sup.Neut.Gen.Pl.Sw',0,6),(856,'ADJA.Sup.Neut.Gen.Pl.Mix',0,6),(857,'ADJA.Sup.Neut.Gen.Pl.*',1,6),(858,'ADJA.Sup.Neut.Gen.*.St',1,6),(859,'ADJA.Sup.Neut.Gen.*.Sw',1,6),(860,'ADJA.Sup.Neut.Gen.*.Mix',1,6),(861,'ADJA.Sup.Neut.Gen.*.*',1,6),(862,'ADJA.Sup.Neut.Dat.Sg.St',0,6),(863,'ADJA.Sup.Neut.Dat.Sg.Sw',0,6),(864,'ADJA.Sup.Neut.Dat.Sg.Mix',0,6),(865,'ADJA.Sup.Neut.Dat.Sg.*',1,6),(866,'ADJA.Sup.Neut.Dat.Pl.St',0,6),(867,'ADJA.Sup.Neut.Dat.Pl.Sw',0,6),(868,'ADJA.Sup.Neut.Dat.Pl.Mix',0,6),(869,'ADJA.Sup.Neut.Dat.Pl.*',1,6),(870,'ADJA.Sup.Neut.Dat.*.St',1,6),(871,'ADJA.Sup.Neut.Dat.*.Sw',1,6),(872,'ADJA.Sup.Neut.Dat.*.Mix',1,6),(873,'ADJA.Sup.Neut.Dat.*.*',1,6),(874,'ADJA.Sup.Neut.Akk.Sg.St',0,6),(875,'ADJA.Sup.Neut.Akk.Sg.Sw',0,6),(876,'ADJA.Sup.Neut.Akk.Sg.Mix',0,6),(877,'ADJA.Sup.Neut.Akk.Sg.*',1,6),(878,'ADJA.Sup.Neut.Akk.Pl.St',0,6),(879,'ADJA.Sup.Neut.Akk.Pl.Sw',0,6),(880,'ADJA.Sup.Neut.Akk.Pl.Mix',0,6),(881,'ADJA.Sup.Neut.Akk.Pl.*',1,6),(882,'ADJA.Sup.Neut.Akk.*.St',1,6),(883,'ADJA.Sup.Neut.Akk.*.Sw',1,6),(884,'ADJA.Sup.Neut.Akk.*.Mix',1,6),(885,'ADJA.Sup.Neut.Akk.*.*',1,6),(886,'ADJA.Sup.Neut.*.Sg.St',1,6),(887,'ADJA.Sup.Neut.*.Sg.Sw',1,6),(888,'ADJA.Sup.Neut.*.Sg.Mix',1,6),(889,'ADJA.Sup.Neut.*.Sg.*',1,6),(890,'ADJA.Sup.Neut.*.Pl.St',1,6),(891,'ADJA.Sup.Neut.*.Pl.Sw',1,6),(892,'ADJA.Sup.Neut.*.Pl.Mix',1,6),(893,'ADJA.Sup.Neut.*.Pl.*',1,6),(894,'ADJA.Sup.Neut.*.*.St',1,6),(895,'ADJA.Sup.Neut.*.*.Sw',1,6),(896,'ADJA.Sup.Neut.*.*.Mix',1,6),(897,'ADJA.Sup.Neut.*.*.*',1,6),(898,'ADJA.Sup.*.Nom.Sg.St',1,6),(899,'ADJA.Sup.*.Nom.Sg.Sw',1,6),(900,'ADJA.Sup.*.Nom.Sg.Mix',1,6),(901,'ADJA.Sup.*.Nom.Sg.*',1,6),(902,'ADJA.Sup.*.Nom.Pl.St',0,6),(903,'ADJA.Sup.*.Nom.Pl.Sw',0,6),(904,'ADJA.Sup.*.Nom.Pl.Mix',0,6),(905,'ADJA.Sup.*.Nom.Pl.*',1,6),(906,'ADJA.Sup.*.Nom.*.St',1,6),(907,'ADJA.Sup.*.Nom.*.Sw',1,6),(908,'ADJA.Sup.*.Nom.*.Mix',1,6),(909,'ADJA.Sup.*.Nom.*.*',1,6),(910,'ADJA.Sup.*.Gen.Sg.St',1,6),(911,'ADJA.Sup.*.Gen.Sg.Sw',1,6),(912,'ADJA.Sup.*.Gen.Sg.Mix',1,6),(913,'ADJA.Sup.*.Gen.Sg.*',1,6),(914,'ADJA.Sup.*.Gen.Pl.St',0,6),(915,'ADJA.Sup.*.Gen.Pl.Sw',0,6),(916,'ADJA.Sup.*.Gen.Pl.Mix',0,6),(917,'ADJA.Sup.*.Gen.Pl.*',1,6),(918,'ADJA.Sup.*.Gen.*.St',1,6),(919,'ADJA.Sup.*.Gen.*.Sw',1,6),(920,'ADJA.Sup.*.Gen.*.Mix',1,6),(921,'ADJA.Sup.*.Gen.*.*',1,6),(922,'ADJA.Sup.*.Dat.Sg.St',1,6),(923,'ADJA.Sup.*.Dat.Sg.Sw',1,6),(924,'ADJA.Sup.*.Dat.Sg.Mix',1,6),(925,'ADJA.Sup.*.Dat.Sg.*',1,6),(926,'ADJA.Sup.*.Dat.Pl.St',0,6),(927,'ADJA.Sup.*.Dat.Pl.Sw',0,6),(928,'ADJA.Sup.*.Dat.Pl.Mix',0,6),(929,'ADJA.Sup.*.Dat.Pl.*',1,6),(930,'ADJA.Sup.*.Dat.*.St',1,6),(931,'ADJA.Sup.*.Dat.*.Sw',1,6),(932,'ADJA.Sup.*.Dat.*.Mix',1,6),(933,'ADJA.Sup.*.Dat.*.*',1,6),(934,'ADJA.Sup.*.Akk.Sg.St',1,6),(935,'ADJA.Sup.*.Akk.Sg.Sw',1,6),(936,'ADJA.Sup.*.Akk.Sg.Mix',1,6),(937,'ADJA.Sup.*.Akk.Sg.*',1,6),(938,'ADJA.Sup.*.Akk.Pl.St',0,6),(939,'ADJA.Sup.*.Akk.Pl.Sw',0,6),(940,'ADJA.Sup.*.Akk.Pl.Mix',0,6),(941,'ADJA.Sup.*.Akk.Pl.*',1,6),(942,'ADJA.Sup.*.Akk.*.St',1,6),(943,'ADJA.Sup.*.Akk.*.Sw',1,6),(944,'ADJA.Sup.*.Akk.*.Mix',1,6),(945,'ADJA.Sup.*.Akk.*.*',1,6),(946,'ADJA.Sup.*.*.Sg.St',1,6),(947,'ADJA.Sup.*.*.Sg.Sw',1,6),(948,'ADJA.Sup.*.*.Sg.Mix',1,6),(949,'ADJA.Sup.*.*.Sg.*',1,6),(950,'ADJA.Sup.*.*.Pl.St',1,6),(951,'ADJA.Sup.*.*.Pl.Sw',1,6),(952,'ADJA.Sup.*.*.Pl.Mix',1,6),(953,'ADJA.Sup.*.*.Pl.*',1,6),(954,'ADJA.Sup.*.*.*.St',1,6),(955,'ADJA.Sup.*.*.*.Sw',1,6),(956,'ADJA.Sup.*.*.*.Mix',1,6),(957,'ADJA.Sup.*.*.*.*',1,6),(958,'ADJA.*.Masc.Nom.Sg.St',0,6),(959,'ADJA.*.Masc.Nom.Sg.Sw',0,6),(960,'ADJA.*.Masc.Nom.Sg.Mix',0,6),(961,'ADJA.*.Masc.Nom.Sg.*',1,6),(962,'ADJA.*.Masc.Nom.Pl.St',0,6),(963,'ADJA.*.Masc.Nom.Pl.Sw',0,6),(964,'ADJA.*.Masc.Nom.Pl.Mix',0,6),(965,'ADJA.*.Masc.Nom.Pl.*',1,6),(966,'ADJA.*.Masc.Nom.*.St',1,6),(967,'ADJA.*.Masc.Nom.*.Sw',1,6),(968,'ADJA.*.Masc.Nom.*.Mix',1,6),(969,'ADJA.*.Masc.Nom.*.*',1,6),(970,'ADJA.*.Masc.Gen.Sg.St',0,6),(971,'ADJA.*.Masc.Gen.Sg.Sw',0,6),(972,'ADJA.*.Masc.Gen.Sg.Mix',0,6),(973,'ADJA.*.Masc.Gen.Sg.*',1,6),(974,'ADJA.*.Masc.Gen.Pl.St',0,6),(975,'ADJA.*.Masc.Gen.Pl.Sw',0,6),(976,'ADJA.*.Masc.Gen.Pl.Mix',0,6),(977,'ADJA.*.Masc.Gen.Pl.*',1,6),(978,'ADJA.*.Masc.Gen.*.St',1,6),(979,'ADJA.*.Masc.Gen.*.Sw',1,6),(980,'ADJA.*.Masc.Gen.*.Mix',1,6),(981,'ADJA.*.Masc.Gen.*.*',1,6),(982,'ADJA.*.Masc.Dat.Sg.St',0,6),(983,'ADJA.*.Masc.Dat.Sg.Sw',0,6),(984,'ADJA.*.Masc.Dat.Sg.Mix',0,6),(985,'ADJA.*.Masc.Dat.Sg.*',1,6),(986,'ADJA.*.Masc.Dat.Pl.St',0,6),(987,'ADJA.*.Masc.Dat.Pl.Sw',0,6),(988,'ADJA.*.Masc.Dat.Pl.Mix',0,6),(989,'ADJA.*.Masc.Dat.Pl.*',1,6),(990,'ADJA.*.Masc.Dat.*.St',1,6),(991,'ADJA.*.Masc.Dat.*.Sw',1,6),(992,'ADJA.*.Masc.Dat.*.Mix',1,6),(993,'ADJA.*.Masc.Dat.*.*',1,6),(994,'ADJA.*.Masc.Akk.Sg.St',0,6),(995,'ADJA.*.Masc.Akk.Sg.Sw',0,6),(996,'ADJA.*.Masc.Akk.Sg.Mix',0,6),(997,'ADJA.*.Masc.Akk.Sg.*',1,6),(998,'ADJA.*.Masc.Akk.Pl.St',0,6),(999,'ADJA.*.Masc.Akk.Pl.Sw',0,6),(1000,'ADJA.*.Masc.Akk.Pl.Mix',0,6),(1001,'ADJA.*.Masc.Akk.Pl.*',1,6),(1002,'ADJA.*.Masc.Akk.*.St',1,6),(1003,'ADJA.*.Masc.Akk.*.Sw',1,6),(1004,'ADJA.*.Masc.Akk.*.Mix',1,6),(1005,'ADJA.*.Masc.Akk.*.*',1,6),(1006,'ADJA.*.Masc.*.Sg.St',1,6),(1007,'ADJA.*.Masc.*.Sg.Sw',1,6),(1008,'ADJA.*.Masc.*.Sg.Mix',1,6),(1009,'ADJA.*.Masc.*.Sg.*',1,6),(1010,'ADJA.*.Masc.*.Pl.St',1,6),(1011,'ADJA.*.Masc.*.Pl.Sw',1,6),(1012,'ADJA.*.Masc.*.Pl.Mix',1,6),(1013,'ADJA.*.Masc.*.Pl.*',1,6),(1014,'ADJA.*.Masc.*.*.St',1,6),(1015,'ADJA.*.Masc.*.*.Sw',1,6),(1016,'ADJA.*.Masc.*.*.Mix',1,6),(1017,'ADJA.*.Masc.*.*.*',1,6),(1018,'ADJA.*.Fem.Nom.Sg.St',0,6),(1019,'ADJA.*.Fem.Nom.Sg.Sw',0,6),(1020,'ADJA.*.Fem.Nom.Sg.Mix',0,6),(1021,'ADJA.*.Fem.Nom.Sg.*',1,6),(1022,'ADJA.*.Fem.Nom.Pl.St',0,6),(1023,'ADJA.*.Fem.Nom.Pl.Sw',0,6),(1024,'ADJA.*.Fem.Nom.Pl.Mix',0,6),(1025,'ADJA.*.Fem.Nom.Pl.*',1,6),(1026,'ADJA.*.Fem.Nom.*.St',1,6),(1027,'ADJA.*.Fem.Nom.*.Sw',1,6),(1028,'ADJA.*.Fem.Nom.*.Mix',1,6),(1029,'ADJA.*.Fem.Nom.*.*',1,6),(1030,'ADJA.*.Fem.Gen.Sg.St',0,6),(1031,'ADJA.*.Fem.Gen.Sg.Sw',0,6),(1032,'ADJA.*.Fem.Gen.Sg.Mix',0,6),(1033,'ADJA.*.Fem.Gen.Sg.*',1,6),(1034,'ADJA.*.Fem.Gen.Pl.St',0,6),(1035,'ADJA.*.Fem.Gen.Pl.Sw',0,6),(1036,'ADJA.*.Fem.Gen.Pl.Mix',0,6),(1037,'ADJA.*.Fem.Gen.Pl.*',1,6),(1038,'ADJA.*.Fem.Gen.*.St',1,6),(1039,'ADJA.*.Fem.Gen.*.Sw',1,6),(1040,'ADJA.*.Fem.Gen.*.Mix',1,6),(1041,'ADJA.*.Fem.Gen.*.*',1,6),(1042,'ADJA.*.Fem.Dat.Sg.St',0,6),(1043,'ADJA.*.Fem.Dat.Sg.Sw',0,6),(1044,'ADJA.*.Fem.Dat.Sg.Mix',0,6),(1045,'ADJA.*.Fem.Dat.Sg.*',1,6),(1046,'ADJA.*.Fem.Dat.Pl.St',0,6),(1047,'ADJA.*.Fem.Dat.Pl.Sw',0,6),(1048,'ADJA.*.Fem.Dat.Pl.Mix',0,6),(1049,'ADJA.*.Fem.Dat.Pl.*',1,6),(1050,'ADJA.*.Fem.Dat.*.St',1,6),(1051,'ADJA.*.Fem.Dat.*.Sw',1,6),(1052,'ADJA.*.Fem.Dat.*.Mix',1,6),(1053,'ADJA.*.Fem.Dat.*.*',1,6),(1054,'ADJA.*.Fem.Akk.Sg.St',0,6),(1055,'ADJA.*.Fem.Akk.Sg.Sw',0,6),(1056,'ADJA.*.Fem.Akk.Sg.Mix',0,6),(1057,'ADJA.*.Fem.Akk.Sg.*',1,6),(1058,'ADJA.*.Fem.Akk.Pl.St',0,6),(1059,'ADJA.*.Fem.Akk.Pl.Sw',0,6),(1060,'ADJA.*.Fem.Akk.Pl.Mix',0,6),(1061,'ADJA.*.Fem.Akk.Pl.*',1,6),(1062,'ADJA.*.Fem.Akk.*.St',1,6),(1063,'ADJA.*.Fem.Akk.*.Sw',1,6),(1064,'ADJA.*.Fem.Akk.*.Mix',1,6),(1065,'ADJA.*.Fem.Akk.*.*',1,6),(1066,'ADJA.*.Fem.*.Sg.St',1,6),(1067,'ADJA.*.Fem.*.Sg.Sw',1,6),(1068,'ADJA.*.Fem.*.Sg.Mix',1,6),(1069,'ADJA.*.Fem.*.Sg.*',1,6),(1070,'ADJA.*.Fem.*.Pl.St',1,6),(1071,'ADJA.*.Fem.*.Pl.Sw',1,6),(1072,'ADJA.*.Fem.*.Pl.Mix',1,6),(1073,'ADJA.*.Fem.*.Pl.*',1,6),(1074,'ADJA.*.Fem.*.*.St',1,6),(1075,'ADJA.*.Fem.*.*.Sw',1,6),(1076,'ADJA.*.Fem.*.*.Mix',1,6),(1077,'ADJA.*.Fem.*.*.*',1,6),(1078,'ADJA.*.Neut.Nom.Sg.St',0,6),(1079,'ADJA.*.Neut.Nom.Sg.Sw',0,6),(1080,'ADJA.*.Neut.Nom.Sg.Mix',0,6),(1081,'ADJA.*.Neut.Nom.Sg.*',1,6),(1082,'ADJA.*.Neut.Nom.Pl.St',0,6),(1083,'ADJA.*.Neut.Nom.Pl.Sw',0,6),(1084,'ADJA.*.Neut.Nom.Pl.Mix',0,6),(1085,'ADJA.*.Neut.Nom.Pl.*',1,6),(1086,'ADJA.*.Neut.Nom.*.St',1,6),(1087,'ADJA.*.Neut.Nom.*.Sw',1,6),(1088,'ADJA.*.Neut.Nom.*.Mix',1,6),(1089,'ADJA.*.Neut.Nom.*.*',1,6),(1090,'ADJA.*.Neut.Gen.Sg.St',0,6),(1091,'ADJA.*.Neut.Gen.Sg.Sw',0,6),(1092,'ADJA.*.Neut.Gen.Sg.Mix',0,6),(1093,'ADJA.*.Neut.Gen.Sg.*',1,6),(1094,'ADJA.*.Neut.Gen.Pl.St',0,6),(1095,'ADJA.*.Neut.Gen.Pl.Sw',0,6),(1096,'ADJA.*.Neut.Gen.Pl.Mix',0,6),(1097,'ADJA.*.Neut.Gen.Pl.*',1,6),(1098,'ADJA.*.Neut.Gen.*.St',1,6),(1099,'ADJA.*.Neut.Gen.*.Sw',1,6),(1100,'ADJA.*.Neut.Gen.*.Mix',1,6),(1101,'ADJA.*.Neut.Gen.*.*',1,6),(1102,'ADJA.*.Neut.Dat.Sg.St',0,6),(1103,'ADJA.*.Neut.Dat.Sg.Sw',0,6),(1104,'ADJA.*.Neut.Dat.Sg.Mix',0,6),(1105,'ADJA.*.Neut.Dat.Sg.*',1,6),(1106,'ADJA.*.Neut.Dat.Pl.St',0,6),(1107,'ADJA.*.Neut.Dat.Pl.Sw',0,6),(1108,'ADJA.*.Neut.Dat.Pl.Mix',0,6),(1109,'ADJA.*.Neut.Dat.Pl.*',1,6),(1110,'ADJA.*.Neut.Dat.*.St',1,6),(1111,'ADJA.*.Neut.Dat.*.Sw',1,6),(1112,'ADJA.*.Neut.Dat.*.Mix',1,6),(1113,'ADJA.*.Neut.Dat.*.*',1,6),(1114,'ADJA.*.Neut.Akk.Sg.St',0,6),(1115,'ADJA.*.Neut.Akk.Sg.Sw',0,6),(1116,'ADJA.*.Neut.Akk.Sg.Mix',0,6),(1117,'ADJA.*.Neut.Akk.Sg.*',1,6),(1118,'ADJA.*.Neut.Akk.Pl.St',0,6),(1119,'ADJA.*.Neut.Akk.Pl.Sw',0,6),(1120,'ADJA.*.Neut.Akk.Pl.Mix',0,6),(1121,'ADJA.*.Neut.Akk.Pl.*',1,6),(1122,'ADJA.*.Neut.Akk.*.St',1,6),(1123,'ADJA.*.Neut.Akk.*.Sw',1,6),(1124,'ADJA.*.Neut.Akk.*.Mix',1,6),(1125,'ADJA.*.Neut.Akk.*.*',1,6),(1126,'ADJA.*.Neut.*.Sg.St',1,6),(1127,'ADJA.*.Neut.*.Sg.Sw',1,6),(1128,'ADJA.*.Neut.*.Sg.Mix',1,6),(1129,'ADJA.*.Neut.*.Sg.*',1,6),(1130,'ADJA.*.Neut.*.Pl.St',1,6),(1131,'ADJA.*.Neut.*.Pl.Sw',1,6),(1132,'ADJA.*.Neut.*.Pl.Mix',1,6),(1133,'ADJA.*.Neut.*.Pl.*',1,6),(1134,'ADJA.*.Neut.*.*.St',1,6),(1135,'ADJA.*.Neut.*.*.Sw',1,6),(1136,'ADJA.*.Neut.*.*.Mix',1,6),(1137,'ADJA.*.Neut.*.*.*',1,6),(1138,'ADJA.*.*.Nom.Sg.St',1,6),(1139,'ADJA.*.*.Nom.Sg.Sw',1,6),(1140,'ADJA.*.*.Nom.Sg.Mix',1,6),(1141,'ADJA.*.*.Nom.Sg.*',1,6),(1142,'ADJA.*.*.Nom.Pl.St',0,6),(1143,'ADJA.*.*.Nom.Pl.Sw',0,6),(1144,'ADJA.*.*.Nom.Pl.Mix',0,6),(1145,'ADJA.*.*.Nom.Pl.*',1,6),(1146,'ADJA.*.*.Nom.*.St',1,6),(1147,'ADJA.*.*.Nom.*.Sw',1,6),(1148,'ADJA.*.*.Nom.*.Mix',1,6),(1149,'ADJA.*.*.Nom.*.*',1,6),(1150,'ADJA.*.*.Gen.Sg.St',1,6),(1151,'ADJA.*.*.Gen.Sg.Sw',1,6),(1152,'ADJA.*.*.Gen.Sg.Mix',1,6),(1153,'ADJA.*.*.Gen.Sg.*',1,6),(1154,'ADJA.*.*.Gen.Pl.St',0,6),(1155,'ADJA.*.*.Gen.Pl.Sw',0,6),(1156,'ADJA.*.*.Gen.Pl.Mix',0,6),(1157,'ADJA.*.*.Gen.Pl.*',1,6),(1158,'ADJA.*.*.Gen.*.St',1,6),(1159,'ADJA.*.*.Gen.*.Sw',1,6),(1160,'ADJA.*.*.Gen.*.Mix',1,6),(1161,'ADJA.*.*.Gen.*.*',1,6),(1162,'ADJA.*.*.Dat.Sg.St',1,6),(1163,'ADJA.*.*.Dat.Sg.Sw',1,6),(1164,'ADJA.*.*.Dat.Sg.Mix',1,6),(1165,'ADJA.*.*.Dat.Sg.*',1,6),(1166,'ADJA.*.*.Dat.Pl.St',0,6),(1167,'ADJA.*.*.Dat.Pl.Sw',0,6),(1168,'ADJA.*.*.Dat.Pl.Mix',0,6),(1169,'ADJA.*.*.Dat.Pl.*',1,6),(1170,'ADJA.*.*.Dat.*.St',1,6),(1171,'ADJA.*.*.Dat.*.Sw',1,6),(1172,'ADJA.*.*.Dat.*.Mix',1,6),(1173,'ADJA.*.*.Dat.*.*',1,6),(1174,'ADJA.*.*.Akk.Sg.St',1,6),(1175,'ADJA.*.*.Akk.Sg.Sw',1,6),(1176,'ADJA.*.*.Akk.Sg.Mix',1,6),(1177,'ADJA.*.*.Akk.Sg.*',1,6),(1178,'ADJA.*.*.Akk.Pl.St',0,6),(1179,'ADJA.*.*.Akk.Pl.Sw',0,6),(1180,'ADJA.*.*.Akk.Pl.Mix',0,6),(1181,'ADJA.*.*.Akk.Pl.*',1,6),(1182,'ADJA.*.*.Akk.*.St',1,6),(1183,'ADJA.*.*.Akk.*.Sw',1,6),(1184,'ADJA.*.*.Akk.*.Mix',1,6),(1185,'ADJA.*.*.Akk.*.*',1,6),(1186,'ADJA.*.*.*.Sg.St',1,6),(1187,'ADJA.*.*.*.Sg.Sw',1,6),(1188,'ADJA.*.*.*.Sg.Mix',1,6),(1189,'ADJA.*.*.*.Sg.*',1,6),(1190,'ADJA.*.*.*.Pl.St',1,6),(1191,'ADJA.*.*.*.Pl.Sw',1,6),(1192,'ADJA.*.*.*.Pl.Mix',1,6),(1193,'ADJA.*.*.*.Pl.*',1,6),(1194,'ADJA.*.*.*.*.St',1,6),(1195,'ADJA.*.*.*.*.Sw',1,6),(1196,'ADJA.*.*.*.*.Mix',1,6),(1197,'ADJA.*.*.*.*.*',0,6),(1198,'ITJ',0,6),(1199,'ADJD.Pos',0,6),(1200,'ADJD.Comp',0,6),(1201,'ADJD.Sup',0,6),(1202,'ADJD.*',0,6),(1203,'VAPP',0,6),(1204,'PIS.Masc.Nom.Sg',0,6),(1205,'PIS.Masc.Nom.Pl',0,6),(1206,'PIS.Masc.Nom.*',1,6),(1207,'PIS.Masc.Gen.Sg',0,6),(1208,'PIS.Masc.Gen.Pl',0,6),(1209,'PIS.Masc.Gen.*',1,6),(1210,'PIS.Masc.Dat.Sg',0,6),(1211,'PIS.Masc.Dat.Pl',0,6),(1212,'PIS.Masc.Dat.*',1,6),(1213,'PIS.Masc.Akk.Sg',0,6),(1214,'PIS.Masc.Akk.Pl',0,6),(1215,'PIS.Masc.Akk.*',1,6),(1216,'PIS.Masc.*.Sg',1,6),(1217,'PIS.Masc.*.Pl',1,6),(1218,'PIS.Masc.*.*',1,6),(1219,'PIS.Fem.Nom.Sg',0,6),(1220,'PIS.Fem.Nom.Pl',0,6),(1221,'PIS.Fem.Nom.*',1,6),(1222,'PIS.Fem.Gen.Sg',0,6),(1223,'PIS.Fem.Gen.Pl',0,6),(1224,'PIS.Fem.Gen.*',1,6),(1225,'PIS.Fem.Dat.Sg',0,6),(1226,'PIS.Fem.Dat.Pl',0,6),(1227,'PIS.Fem.Dat.*',1,6),(1228,'PIS.Fem.Akk.Sg',0,6),(1229,'PIS.Fem.Akk.Pl',0,6),(1230,'PIS.Fem.Akk.*',1,6),(1231,'PIS.Fem.*.Sg',1,6),(1232,'PIS.Fem.*.Pl',1,6),(1233,'PIS.Fem.*.*',1,6),(1234,'PIS.Neut.Nom.Sg',0,6),(1235,'PIS.Neut.Nom.Pl',0,6),(1236,'PIS.Neut.Nom.*',1,6),(1237,'PIS.Neut.Gen.Sg',0,6),(1238,'PIS.Neut.Gen.Pl',0,6),(1239,'PIS.Neut.Gen.*',1,6),(1240,'PIS.Neut.Dat.Sg',0,6),(1241,'PIS.Neut.Dat.Pl',0,6),(1242,'PIS.Neut.Dat.*',1,6),(1243,'PIS.Neut.Akk.Sg',0,6),(1244,'PIS.Neut.Akk.Pl',0,6),(1245,'PIS.Neut.Akk.*',1,6),(1246,'PIS.Neut.*.Sg',1,6),(1247,'PIS.Neut.*.Pl',1,6),(1248,'PIS.Neut.*.*',1,6),(1249,'PIS.*.Nom.Sg',1,6),(1250,'PIS.*.Nom.Pl',0,6),(1251,'PIS.*.Nom.*',1,6),(1252,'PIS.*.Gen.Sg',1,6),(1253,'PIS.*.Gen.Pl',0,6),(1254,'PIS.*.Gen.*',1,6),(1255,'PIS.*.Dat.Sg',1,6),(1256,'PIS.*.Dat.Pl',0,6),(1257,'PIS.*.Dat.*',1,6),(1258,'PIS.*.Akk.Sg',1,6),(1259,'PIS.*.Akk.Pl',0,6),(1260,'PIS.*.Akk.*',1,6),(1261,'PIS.*.*.Sg',1,6),(1262,'PIS.*.*.Pl',1,6),(1263,'PIS.*.*.*',0,6),(1264,'PRF.1.Sg.Nom',0,6),(1265,'PRF.1.Sg.Gen',0,6),(1266,'PRF.1.Sg.Dat',0,6),(1267,'PRF.1.Sg.Akk',0,6),(1268,'PRF.1.Sg.*',1,6),(1269,'PRF.1.Pl.Nom',0,6),(1270,'PRF.1.Pl.Gen',0,6),(1271,'PRF.1.Pl.Dat',0,6),(1272,'PRF.1.Pl.Akk',0,6),(1273,'PRF.1.Pl.*',1,6),(1274,'PRF.1.*.Nom',1,6),(1275,'PRF.1.*.Gen',1,6),(1276,'PRF.1.*.Dat',1,6),(1277,'PRF.1.*.Akk',1,6),(1278,'PRF.1.*.*',1,6),(1279,'PRF.2.Sg.Nom',0,6),(1280,'PRF.2.Sg.Gen',0,6),(1281,'PRF.2.Sg.Dat',0,6),(1282,'PRF.2.Sg.Akk',0,6),(1283,'PRF.2.Sg.*',1,6),(1284,'PRF.2.Pl.Nom',0,6),(1285,'PRF.2.Pl.Gen',0,6),(1286,'PRF.2.Pl.Dat',0,6),(1287,'PRF.2.Pl.Akk',0,6),(1288,'PRF.2.Pl.*',1,6),(1289,'PRF.2.*.Nom',1,6),(1290,'PRF.2.*.Gen',1,6),(1291,'PRF.2.*.Dat',1,6),(1292,'PRF.2.*.Akk',1,6),(1293,'PRF.2.*.*',1,6),(1294,'PRF.3.Sg.Nom',0,6),(1295,'PRF.3.Sg.Gen',0,6),(1296,'PRF.3.Sg.Dat',0,6),(1297,'PRF.3.Sg.Akk',0,6),(1298,'PRF.3.Sg.*',1,6),(1299,'PRF.3.Pl.Nom',0,6),(1300,'PRF.3.Pl.Gen',0,6),(1301,'PRF.3.Pl.Dat',0,6),(1302,'PRF.3.Pl.Akk',0,6),(1303,'PRF.3.Pl.*',1,6),(1304,'PRF.3.*.Nom',1,6),(1305,'PRF.3.*.Gen',1,6),(1306,'PRF.3.*.Dat',1,6),(1307,'PRF.3.*.Akk',1,6),(1308,'PRF.3.*.*',1,6),(1309,'PRF.*.Sg.Nom',1,6),(1310,'PRF.*.Sg.Gen',1,6),(1311,'PRF.*.Sg.Dat',1,6),(1312,'PRF.*.Sg.Akk',1,6),(1313,'PRF.*.Sg.*',1,6),(1314,'PRF.*.Pl.Nom',1,6),(1315,'PRF.*.Pl.Gen',1,6),(1316,'PRF.*.Pl.Dat',1,6),(1317,'PRF.*.Pl.Akk',1,6),(1318,'PRF.*.Pl.*',1,6),(1319,'PRF.*.*.Nom',1,6),(1320,'PRF.*.*.Gen',1,6),(1321,'PRF.*.*.Dat',1,6),(1322,'PRF.*.*.Akk',1,6),(1323,'PRF.*.*.*',0,6),(1324,'NN.Masc.Nom.Sg.St',0,6),(1325,'NN.Masc.Nom.Sg.Sw',0,6),(1326,'NN.Masc.Nom.Sg.Mix',0,6),(1327,'NN.Masc.Nom.Sg.*',1,6),(1328,'NN.Masc.Nom.Sg._',0,6),(1329,'NN.Masc.Nom.Pl.St',0,6),(1330,'NN.Masc.Nom.Pl.Sw',0,6),(1331,'NN.Masc.Nom.Pl.Mix',0,6),(1332,'NN.Masc.Nom.Pl.*',1,6),(1333,'NN.Masc.Nom.Pl._',0,6),(1334,'NN.Masc.Nom.*.St',1,6),(1335,'NN.Masc.Nom.*.Sw',1,6),(1336,'NN.Masc.Nom.*.Mix',1,6),(1337,'NN.Masc.Nom.*.*',1,6),(1338,'NN.Masc.Nom.*._',1,6),(1339,'NN.Masc.Gen.Sg.St',0,6),(1340,'NN.Masc.Gen.Sg.Sw',0,6),(1341,'NN.Masc.Gen.Sg.Mix',0,6),(1342,'NN.Masc.Gen.Sg.*',1,6),(1343,'NN.Masc.Gen.Sg._',0,6),(1344,'NN.Masc.Gen.Pl.St',0,6),(1345,'NN.Masc.Gen.Pl.Sw',0,6),(1346,'NN.Masc.Gen.Pl.Mix',0,6),(1347,'NN.Masc.Gen.Pl.*',1,6),(1348,'NN.Masc.Gen.Pl._',0,6),(1349,'NN.Masc.Gen.*.St',1,6),(1350,'NN.Masc.Gen.*.Sw',1,6),(1351,'NN.Masc.Gen.*.Mix',1,6),(1352,'NN.Masc.Gen.*.*',1,6),(1353,'NN.Masc.Gen.*._',1,6),(1354,'NN.Masc.Dat.Sg.St',0,6),(1355,'NN.Masc.Dat.Sg.Sw',0,6),(1356,'NN.Masc.Dat.Sg.Mix',0,6),(1357,'NN.Masc.Dat.Sg.*',1,6),(1358,'NN.Masc.Dat.Sg._',0,6),(1359,'NN.Masc.Dat.Pl.St',0,6),(1360,'NN.Masc.Dat.Pl.Sw',0,6),(1361,'NN.Masc.Dat.Pl.Mix',0,6),(1362,'NN.Masc.Dat.Pl.*',1,6),(1363,'NN.Masc.Dat.Pl._',0,6),(1364,'NN.Masc.Dat.*.St',1,6),(1365,'NN.Masc.Dat.*.Sw',1,6),(1366,'NN.Masc.Dat.*.Mix',1,6),(1367,'NN.Masc.Dat.*.*',1,6),(1368,'NN.Masc.Dat.*._',1,6),(1369,'NN.Masc.Akk.Sg.St',0,6),(1370,'NN.Masc.Akk.Sg.Sw',0,6),(1371,'NN.Masc.Akk.Sg.Mix',0,6),(1372,'NN.Masc.Akk.Sg.*',1,6),(1373,'NN.Masc.Akk.Sg._',0,6),(1374,'NN.Masc.Akk.Pl.St',0,6),(1375,'NN.Masc.Akk.Pl.Sw',0,6),(1376,'NN.Masc.Akk.Pl.Mix',0,6),(1377,'NN.Masc.Akk.Pl.*',1,6),(1378,'NN.Masc.Akk.Pl._',0,6),(1379,'NN.Masc.Akk.*.St',1,6),(1380,'NN.Masc.Akk.*.Sw',1,6),(1381,'NN.Masc.Akk.*.Mix',1,6),(1382,'NN.Masc.Akk.*.*',1,6),(1383,'NN.Masc.Akk.*._',1,6),(1384,'NN.Masc.*.Sg.St',1,6),(1385,'NN.Masc.*.Sg.Sw',1,6),(1386,'NN.Masc.*.Sg.Mix',1,6),(1387,'NN.Masc.*.Sg.*',1,6),(1388,'NN.Masc.*.Sg._',1,6),(1389,'NN.Masc.*.Pl.St',1,6),(1390,'NN.Masc.*.Pl.Sw',1,6),(1391,'NN.Masc.*.Pl.Mix',1,6),(1392,'NN.Masc.*.Pl.*',1,6),(1393,'NN.Masc.*.Pl._',1,6),(1394,'NN.Masc.*.*.St',1,6),(1395,'NN.Masc.*.*.Sw',1,6),(1396,'NN.Masc.*.*.Mix',1,6),(1397,'NN.Masc.*.*.*',1,6),(1398,'NN.Masc.*.*._',1,6),(1399,'NN.Fem.Nom.Sg.St',0,6),(1400,'NN.Fem.Nom.Sg.Sw',0,6),(1401,'NN.Fem.Nom.Sg.Mix',0,6),(1402,'NN.Fem.Nom.Sg.*',1,6),(1403,'NN.Fem.Nom.Sg._',0,6),(1404,'NN.Fem.Nom.Pl.St',0,6),(1405,'NN.Fem.Nom.Pl.Sw',0,6),(1406,'NN.Fem.Nom.Pl.Mix',0,6),(1407,'NN.Fem.Nom.Pl.*',1,6),(1408,'NN.Fem.Nom.Pl._',0,6),(1409,'NN.Fem.Nom.*.St',1,6),(1410,'NN.Fem.Nom.*.Sw',1,6),(1411,'NN.Fem.Nom.*.Mix',1,6),(1412,'NN.Fem.Nom.*.*',1,6),(1413,'NN.Fem.Nom.*._',1,6),(1414,'NN.Fem.Gen.Sg.St',0,6),(1415,'NN.Fem.Gen.Sg.Sw',0,6),(1416,'NN.Fem.Gen.Sg.Mix',0,6),(1417,'NN.Fem.Gen.Sg.*',1,6),(1418,'NN.Fem.Gen.Sg._',0,6),(1419,'NN.Fem.Gen.Pl.St',0,6),(1420,'NN.Fem.Gen.Pl.Sw',0,6),(1421,'NN.Fem.Gen.Pl.Mix',0,6),(1422,'NN.Fem.Gen.Pl.*',1,6),(1423,'NN.Fem.Gen.Pl._',0,6),(1424,'NN.Fem.Gen.*.St',1,6),(1425,'NN.Fem.Gen.*.Sw',1,6),(1426,'NN.Fem.Gen.*.Mix',1,6),(1427,'NN.Fem.Gen.*.*',1,6),(1428,'NN.Fem.Gen.*._',1,6),(1429,'NN.Fem.Dat.Sg.St',0,6),(1430,'NN.Fem.Dat.Sg.Sw',0,6),(1431,'NN.Fem.Dat.Sg.Mix',0,6),(1432,'NN.Fem.Dat.Sg.*',1,6),(1433,'NN.Fem.Dat.Sg._',0,6),(1434,'NN.Fem.Dat.Pl.St',0,6),(1435,'NN.Fem.Dat.Pl.Sw',0,6),(1436,'NN.Fem.Dat.Pl.Mix',0,6),(1437,'NN.Fem.Dat.Pl.*',1,6),(1438,'NN.Fem.Dat.Pl._',0,6),(1439,'NN.Fem.Dat.*.St',1,6),(1440,'NN.Fem.Dat.*.Sw',1,6),(1441,'NN.Fem.Dat.*.Mix',1,6),(1442,'NN.Fem.Dat.*.*',1,6),(1443,'NN.Fem.Dat.*._',1,6),(1444,'NN.Fem.Akk.Sg.St',0,6),(1445,'NN.Fem.Akk.Sg.Sw',0,6),(1446,'NN.Fem.Akk.Sg.Mix',0,6),(1447,'NN.Fem.Akk.Sg.*',1,6),(1448,'NN.Fem.Akk.Sg._',0,6),(1449,'NN.Fem.Akk.Pl.St',0,6),(1450,'NN.Fem.Akk.Pl.Sw',0,6),(1451,'NN.Fem.Akk.Pl.Mix',0,6),(1452,'NN.Fem.Akk.Pl.*',1,6),(1453,'NN.Fem.Akk.Pl._',0,6),(1454,'NN.Fem.Akk.*.St',1,6),(1455,'NN.Fem.Akk.*.Sw',1,6),(1456,'NN.Fem.Akk.*.Mix',1,6),(1457,'NN.Fem.Akk.*.*',1,6),(1458,'NN.Fem.Akk.*._',1,6),(1459,'NN.Fem.*.Sg.St',1,6),(1460,'NN.Fem.*.Sg.Sw',1,6),(1461,'NN.Fem.*.Sg.Mix',1,6),(1462,'NN.Fem.*.Sg.*',1,6),(1463,'NN.Fem.*.Sg._',1,6),(1464,'NN.Fem.*.Pl.St',1,6),(1465,'NN.Fem.*.Pl.Sw',1,6),(1466,'NN.Fem.*.Pl.Mix',1,6),(1467,'NN.Fem.*.Pl.*',1,6),(1468,'NN.Fem.*.Pl._',1,6),(1469,'NN.Fem.*.*.St',1,6),(1470,'NN.Fem.*.*.Sw',1,6),(1471,'NN.Fem.*.*.Mix',1,6),(1472,'NN.Fem.*.*.*',1,6),(1473,'NN.Fem.*.*._',1,6),(1474,'NN.Neut.Nom.Sg.St',0,6),(1475,'NN.Neut.Nom.Sg.Sw',0,6),(1476,'NN.Neut.Nom.Sg.Mix',0,6),(1477,'NN.Neut.Nom.Sg.*',1,6),(1478,'NN.Neut.Nom.Sg._',0,6),(1479,'NN.Neut.Nom.Pl.St',0,6),(1480,'NN.Neut.Nom.Pl.Sw',0,6),(1481,'NN.Neut.Nom.Pl.Mix',0,6),(1482,'NN.Neut.Nom.Pl.*',1,6),(1483,'NN.Neut.Nom.Pl._',0,6),(1484,'NN.Neut.Nom.*.St',1,6),(1485,'NN.Neut.Nom.*.Sw',1,6),(1486,'NN.Neut.Nom.*.Mix',1,6),(1487,'NN.Neut.Nom.*.*',1,6),(1488,'NN.Neut.Nom.*._',1,6),(1489,'NN.Neut.Gen.Sg.St',0,6),(1490,'NN.Neut.Gen.Sg.Sw',0,6),(1491,'NN.Neut.Gen.Sg.Mix',0,6),(1492,'NN.Neut.Gen.Sg.*',1,6),(1493,'NN.Neut.Gen.Sg._',0,6),(1494,'NN.Neut.Gen.Pl.St',0,6),(1495,'NN.Neut.Gen.Pl.Sw',0,6),(1496,'NN.Neut.Gen.Pl.Mix',0,6),(1497,'NN.Neut.Gen.Pl.*',1,6),(1498,'NN.Neut.Gen.Pl._',0,6),(1499,'NN.Neut.Gen.*.St',1,6),(1500,'NN.Neut.Gen.*.Sw',1,6),(1501,'NN.Neut.Gen.*.Mix',1,6),(1502,'NN.Neut.Gen.*.*',1,6),(1503,'NN.Neut.Gen.*._',1,6),(1504,'NN.Neut.Dat.Sg.St',0,6),(1505,'NN.Neut.Dat.Sg.Sw',0,6),(1506,'NN.Neut.Dat.Sg.Mix',0,6),(1507,'NN.Neut.Dat.Sg.*',1,6),(1508,'NN.Neut.Dat.Sg._',0,6),(1509,'NN.Neut.Dat.Pl.St',0,6),(1510,'NN.Neut.Dat.Pl.Sw',0,6),(1511,'NN.Neut.Dat.Pl.Mix',0,6),(1512,'NN.Neut.Dat.Pl.*',1,6),(1513,'NN.Neut.Dat.Pl._',0,6),(1514,'NN.Neut.Dat.*.St',1,6),(1515,'NN.Neut.Dat.*.Sw',1,6),(1516,'NN.Neut.Dat.*.Mix',1,6),(1517,'NN.Neut.Dat.*.*',1,6),(1518,'NN.Neut.Dat.*._',1,6),(1519,'NN.Neut.Akk.Sg.St',0,6),(1520,'NN.Neut.Akk.Sg.Sw',0,6),(1521,'NN.Neut.Akk.Sg.Mix',0,6),(1522,'NN.Neut.Akk.Sg.*',1,6),(1523,'NN.Neut.Akk.Sg._',0,6),(1524,'NN.Neut.Akk.Pl.St',0,6),(1525,'NN.Neut.Akk.Pl.Sw',0,6),(1526,'NN.Neut.Akk.Pl.Mix',0,6),(1527,'NN.Neut.Akk.Pl.*',1,6),(1528,'NN.Neut.Akk.Pl._',0,6),(1529,'NN.Neut.Akk.*.St',1,6),(1530,'NN.Neut.Akk.*.Sw',1,6),(1531,'NN.Neut.Akk.*.Mix',1,6),(1532,'NN.Neut.Akk.*.*',1,6),(1533,'NN.Neut.Akk.*._',1,6),(1534,'NN.Neut.*.Sg.St',1,6),(1535,'NN.Neut.*.Sg.Sw',1,6),(1536,'NN.Neut.*.Sg.Mix',1,6),(1537,'NN.Neut.*.Sg.*',1,6),(1538,'NN.Neut.*.Sg._',1,6),(1539,'NN.Neut.*.Pl.St',1,6),(1540,'NN.Neut.*.Pl.Sw',1,6),(1541,'NN.Neut.*.Pl.Mix',1,6),(1542,'NN.Neut.*.Pl.*',1,6),(1543,'NN.Neut.*.Pl._',1,6),(1544,'NN.Neut.*.*.St',1,6),(1545,'NN.Neut.*.*.Sw',1,6),(1546,'NN.Neut.*.*.Mix',1,6),(1547,'NN.Neut.*.*.*',1,6),(1548,'NN.Neut.*.*._',1,6),(1549,'NN.*.Nom.Sg.St',1,6),(1550,'NN.*.Nom.Sg.Sw',1,6),(1551,'NN.*.Nom.Sg.Mix',1,6),(1552,'NN.*.Nom.Sg.*',1,6),(1553,'NN.*.Nom.Sg._',1,6),(1554,'NN.*.Nom.Pl.St',0,6),(1555,'NN.*.Nom.Pl.Sw',0,6),(1556,'NN.*.Nom.Pl.Mix',0,6),(1557,'NN.*.Nom.Pl.*',1,6),(1558,'NN.*.Nom.Pl._',0,6),(1559,'NN.*.Nom.*.St',1,6),(1560,'NN.*.Nom.*.Sw',1,6),(1561,'NN.*.Nom.*.Mix',1,6),(1562,'NN.*.Nom.*.*',1,6),(1563,'NN.*.Nom.*._',1,6),(1564,'NN.*.Gen.Sg.St',1,6),(1565,'NN.*.Gen.Sg.Sw',1,6),(1566,'NN.*.Gen.Sg.Mix',1,6),(1567,'NN.*.Gen.Sg.*',1,6),(1568,'NN.*.Gen.Sg._',1,6),(1569,'NN.*.Gen.Pl.St',0,6),(1570,'NN.*.Gen.Pl.Sw',0,6),(1571,'NN.*.Gen.Pl.Mix',0,6),(1572,'NN.*.Gen.Pl.*',1,6),(1573,'NN.*.Gen.Pl._',0,6),(1574,'NN.*.Gen.*.St',1,6),(1575,'NN.*.Gen.*.Sw',1,6),(1576,'NN.*.Gen.*.Mix',1,6),(1577,'NN.*.Gen.*.*',1,6),(1578,'NN.*.Gen.*._',1,6),(1579,'NN.*.Dat.Sg.St',1,6),(1580,'NN.*.Dat.Sg.Sw',1,6),(1581,'NN.*.Dat.Sg.Mix',1,6),(1582,'NN.*.Dat.Sg.*',1,6),(1583,'NN.*.Dat.Sg._',1,6),(1584,'NN.*.Dat.Pl.St',0,6),(1585,'NN.*.Dat.Pl.Sw',0,6),(1586,'NN.*.Dat.Pl.Mix',0,6),(1587,'NN.*.Dat.Pl.*',1,6),(1588,'NN.*.Dat.Pl._',0,6),(1589,'NN.*.Dat.*.St',1,6),(1590,'NN.*.Dat.*.Sw',1,6),(1591,'NN.*.Dat.*.Mix',1,6),(1592,'NN.*.Dat.*.*',1,6),(1593,'NN.*.Dat.*._',1,6),(1594,'NN.*.Akk.Sg.St',1,6),(1595,'NN.*.Akk.Sg.Sw',1,6),(1596,'NN.*.Akk.Sg.Mix',1,6),(1597,'NN.*.Akk.Sg.*',1,6),(1598,'NN.*.Akk.Sg._',1,6),(1599,'NN.*.Akk.Pl.St',0,6),(1600,'NN.*.Akk.Pl.Sw',0,6),(1601,'NN.*.Akk.Pl.Mix',0,6),(1602,'NN.*.Akk.Pl.*',1,6),(1603,'NN.*.Akk.Pl._',0,6),(1604,'NN.*.Akk.*.St',1,6),(1605,'NN.*.Akk.*.Sw',1,6),(1606,'NN.*.Akk.*.Mix',1,6),(1607,'NN.*.Akk.*.*',1,6),(1608,'NN.*.Akk.*._',1,6),(1609,'NN.*.*.Sg.St',1,6),(1610,'NN.*.*.Sg.Sw',1,6),(1611,'NN.*.*.Sg.Mix',1,6),(1612,'NN.*.*.Sg.*',1,6),(1613,'NN.*.*.Sg._',1,6),(1614,'NN.*.*.Pl.St',1,6),(1615,'NN.*.*.Pl.Sw',1,6),(1616,'NN.*.*.Pl.Mix',1,6),(1617,'NN.*.*.Pl.*',1,6),(1618,'NN.*.*.Pl._',1,6),(1619,'NN.*.*.*.St',1,6),(1620,'NN.*.*.*.Sw',1,6),(1621,'NN.*.*.*.Mix',1,6),(1622,'NN.*.*.*.*',0,6),(1623,'NN.*.*.*._',1,6),(1624,'KON',0,6),(1625,'NE.Masc.Nom.Sg',0,6),(1626,'NE.Masc.Nom.Pl',0,6),(1627,'NE.Masc.Nom.*',1,6),(1628,'NE.Masc.Gen.Sg',0,6),(1629,'NE.Masc.Gen.Pl',0,6),(1630,'NE.Masc.Gen.*',1,6),(1631,'NE.Masc.Dat.Sg',0,6),(1632,'NE.Masc.Dat.Pl',0,6),(1633,'NE.Masc.Dat.*',1,6),(1634,'NE.Masc.Akk.Sg',0,6),(1635,'NE.Masc.Akk.Pl',0,6),(1636,'NE.Masc.Akk.*',1,6),(1637,'NE.Masc.*.Sg',1,6),(1638,'NE.Masc.*.Pl',1,6),(1639,'NE.Masc.*.*',1,6),(1640,'NE.Fem.Nom.Sg',0,6),(1641,'NE.Fem.Nom.Pl',0,6),(1642,'NE.Fem.Nom.*',1,6),(1643,'NE.Fem.Gen.Sg',0,6),(1644,'NE.Fem.Gen.Pl',0,6),(1645,'NE.Fem.Gen.*',1,6),(1646,'NE.Fem.Dat.Sg',0,6),(1647,'NE.Fem.Dat.Pl',0,6),(1648,'NE.Fem.Dat.*',1,6),(1649,'NE.Fem.Akk.Sg',0,6),(1650,'NE.Fem.Akk.Pl',0,6),(1651,'NE.Fem.Akk.*',1,6),(1652,'NE.Fem.*.Sg',1,6),(1653,'NE.Fem.*.Pl',1,6),(1654,'NE.Fem.*.*',1,6),(1655,'NE.Neut.Nom.Sg',0,6),(1656,'NE.Neut.Nom.Pl',0,6),(1657,'NE.Neut.Nom.*',1,6),(1658,'NE.Neut.Gen.Sg',0,6),(1659,'NE.Neut.Gen.Pl',0,6),(1660,'NE.Neut.Gen.*',1,6),(1661,'NE.Neut.Dat.Sg',0,6),(1662,'NE.Neut.Dat.Pl',0,6),(1663,'NE.Neut.Dat.*',1,6),(1664,'NE.Neut.Akk.Sg',0,6),(1665,'NE.Neut.Akk.Pl',0,6),(1666,'NE.Neut.Akk.*',1,6),(1667,'NE.Neut.*.Sg',1,6),(1668,'NE.Neut.*.Pl',1,6),(1669,'NE.Neut.*.*',1,6),(1670,'NE.*.Nom.Sg',0,6),(1671,'NE.*.Nom.Pl',0,6),(1672,'NE.*.Nom.*',1,6),(1673,'NE.*.Gen.Sg',0,6),(1674,'NE.*.Gen.Pl',0,6),(1675,'NE.*.Gen.*',1,6),(1676,'NE.*.Dat.Sg',0,6),(1677,'NE.*.Dat.Pl',0,6),(1678,'NE.*.Dat.*',1,6),(1679,'NE.*.Akk.Sg',0,6),(1680,'NE.*.Akk.Pl',0,6),(1681,'NE.*.Akk.*',1,6),(1682,'NE.*.*.Sg',1,6),(1683,'NE.*.*.Pl',1,6),(1684,'NE.*.*.*',0,6),(1685,'NE._._._',0,6),(1686,'PIAT.Masc.Nom.Sg',0,6),(1687,'PIAT.Masc.Nom.Pl',0,6),(1688,'PIAT.Masc.Nom.*',1,6),(1689,'PIAT.Masc.Gen.Sg',0,6),(1690,'PIAT.Masc.Gen.Pl',0,6),(1691,'PIAT.Masc.Gen.*',1,6),(1692,'PIAT.Masc.Dat.Sg',0,6),(1693,'PIAT.Masc.Dat.Pl',0,6),(1694,'PIAT.Masc.Dat.*',1,6),(1695,'PIAT.Masc.Akk.Sg',0,6),(1696,'PIAT.Masc.Akk.Pl',0,6),(1697,'PIAT.Masc.Akk.*',1,6),(1698,'PIAT.Masc.*.Sg',1,6),(1699,'PIAT.Masc.*.Pl',1,6),(1700,'PIAT.Masc.*.*',1,6),(1701,'PIAT.Fem.Nom.Sg',0,6),(1702,'PIAT.Fem.Nom.Pl',0,6),(1703,'PIAT.Fem.Nom.*',1,6),(1704,'PIAT.Fem.Gen.Sg',0,6),(1705,'PIAT.Fem.Gen.Pl',0,6),(1706,'PIAT.Fem.Gen.*',1,6),(1707,'PIAT.Fem.Dat.Sg',0,6),(1708,'PIAT.Fem.Dat.Pl',0,6),(1709,'PIAT.Fem.Dat.*',1,6),(1710,'PIAT.Fem.Akk.Sg',0,6),(1711,'PIAT.Fem.Akk.Pl',0,6),(1712,'PIAT.Fem.Akk.*',1,6),(1713,'PIAT.Fem.*.Sg',1,6),(1714,'PIAT.Fem.*.Pl',1,6),(1715,'PIAT.Fem.*.*',1,6),(1716,'PIAT.Neut.Nom.Sg',0,6),(1717,'PIAT.Neut.Nom.Pl',0,6),(1718,'PIAT.Neut.Nom.*',1,6),(1719,'PIAT.Neut.Gen.Sg',0,6),(1720,'PIAT.Neut.Gen.Pl',0,6),(1721,'PIAT.Neut.Gen.*',1,6),(1722,'PIAT.Neut.Dat.Sg',0,6),(1723,'PIAT.Neut.Dat.Pl',0,6),(1724,'PIAT.Neut.Dat.*',1,6),(1725,'PIAT.Neut.Akk.Sg',0,6),(1726,'PIAT.Neut.Akk.Pl',0,6),(1727,'PIAT.Neut.Akk.*',1,6),(1728,'PIAT.Neut.*.Sg',1,6),(1729,'PIAT.Neut.*.Pl',1,6),(1730,'PIAT.Neut.*.*',1,6),(1731,'PIAT.*.Nom.Sg',1,6),(1732,'PIAT.*.Nom.Pl',0,6),(1733,'PIAT.*.Nom.*',1,6),(1734,'PIAT.*.Gen.Sg',1,6),(1735,'PIAT.*.Gen.Pl',0,6),(1736,'PIAT.*.Gen.*',1,6),(1737,'PIAT.*.Dat.Sg',1,6),(1738,'PIAT.*.Dat.Pl',0,6),(1739,'PIAT.*.Dat.*',1,6),(1740,'PIAT.*.Akk.Sg',1,6),(1741,'PIAT.*.Akk.Pl',0,6),(1742,'PIAT.*.Akk.*',1,6),(1743,'PIAT.*.*.Sg',1,6),(1744,'PIAT.*.*.Pl',1,6),(1745,'PIAT.*.*.*',0,6),(1746,'PTKNEG',0,6),(1747,'VVINF',0,6),(1748,'VAIMP.Sg',0,6),(1749,'VAIMP.Pl',0,6),(1750,'VAIMP.*',0,6),(1751,'FM',0,6),(1752,'PTKVZ',0,6),(1753,'PRELS.Masc.Nom.Sg',0,6),(1754,'PRELS.Masc.Nom.Pl',0,6),(1755,'PRELS.Masc.Nom.*',1,6),(1756,'PRELS.Masc.Gen.Sg',0,6),(1757,'PRELS.Masc.Gen.Pl',0,6),(1758,'PRELS.Masc.Gen.*',1,6),(1759,'PRELS.Masc.Dat.Sg',0,6),(1760,'PRELS.Masc.Dat.Pl',0,6),(1761,'PRELS.Masc.Dat.*',1,6),(1762,'PRELS.Masc.Akk.Sg',0,6),(1763,'PRELS.Masc.Akk.Pl',0,6),(1764,'PRELS.Masc.Akk.*',1,6),(1765,'PRELS.Masc.*.Sg',1,6),(1766,'PRELS.Masc.*.Pl',1,6),(1767,'PRELS.Masc.*.*',1,6),(1768,'PRELS.Fem.Nom.Sg',0,6),(1769,'PRELS.Fem.Nom.Pl',0,6),(1770,'PRELS.Fem.Nom.*',1,6),(1771,'PRELS.Fem.Gen.Sg',0,6),(1772,'PRELS.Fem.Gen.Pl',0,6),(1773,'PRELS.Fem.Gen.*',1,6),(1774,'PRELS.Fem.Dat.Sg',0,6),(1775,'PRELS.Fem.Dat.Pl',0,6),(1776,'PRELS.Fem.Dat.*',1,6),(1777,'PRELS.Fem.Akk.Sg',0,6),(1778,'PRELS.Fem.Akk.Pl',0,6),(1779,'PRELS.Fem.Akk.*',1,6),(1780,'PRELS.Fem.*.Sg',1,6),(1781,'PRELS.Fem.*.Pl',1,6),(1782,'PRELS.Fem.*.*',1,6),(1783,'PRELS.Neut.Nom.Sg',0,6),(1784,'PRELS.Neut.Nom.Pl',0,6),(1785,'PRELS.Neut.Nom.*',1,6),(1786,'PRELS.Neut.Gen.Sg',0,6),(1787,'PRELS.Neut.Gen.Pl',0,6),(1788,'PRELS.Neut.Gen.*',1,6),(1789,'PRELS.Neut.Dat.Sg',0,6),(1790,'PRELS.Neut.Dat.Pl',0,6),(1791,'PRELS.Neut.Dat.*',1,6),(1792,'PRELS.Neut.Akk.Sg',0,6),(1793,'PRELS.Neut.Akk.Pl',0,6),(1794,'PRELS.Neut.Akk.*',1,6),(1795,'PRELS.Neut.*.Sg',1,6),(1796,'PRELS.Neut.*.Pl',1,6),(1797,'PRELS.Neut.*.*',1,6),(1798,'PRELS.*.Nom.Sg',1,6),(1799,'PRELS.*.Nom.Pl',0,6),(1800,'PRELS.*.Nom.*',1,6),(1801,'PRELS.*.Gen.Sg',1,6),(1802,'PRELS.*.Gen.Pl',0,6),(1803,'PRELS.*.Gen.*',1,6),(1804,'PRELS.*.Dat.Sg',1,6),(1805,'PRELS.*.Dat.Pl',0,6),(1806,'PRELS.*.Dat.*',1,6),(1807,'PRELS.*.Akk.Sg',1,6),(1808,'PRELS.*.Akk.Pl',0,6),(1809,'PRELS.*.Akk.*',1,6),(1810,'PRELS.*.*.Sg',1,6),(1811,'PRELS.*.*.Pl',1,6),(1812,'PRELS.*.*.*',0,6),(1813,'VVIZU',0,6),(1814,'VVFIN.1.Sg.Pres.Ind',0,6),(1815,'VVFIN.1.Sg.Pres.Konj',0,6),(1816,'VVFIN.1.Sg.Pres.*',1,6),(1817,'VVFIN.1.Sg.Past.Ind',0,6),(1818,'VVFIN.1.Sg.Past.Konj',0,6),(1819,'VVFIN.1.Sg.Past.*',1,6),(1820,'VVFIN.1.Sg.*.Ind',1,6),(1821,'VVFIN.1.Sg.*.Konj',1,6),(1822,'VVFIN.1.Sg.*.*',1,6),(1823,'VVFIN.1.Pl.Pres.Ind',0,6),(1824,'VVFIN.1.Pl.Pres.Konj',0,6),(1825,'VVFIN.1.Pl.Pres.*',1,6),(1826,'VVFIN.1.Pl.Past.Ind',0,6),(1827,'VVFIN.1.Pl.Past.Konj',0,6),(1828,'VVFIN.1.Pl.Past.*',1,6),(1829,'VVFIN.1.Pl.*.Ind',1,6),(1830,'VVFIN.1.Pl.*.Konj',1,6),(1831,'VVFIN.1.Pl.*.*',1,6),(1832,'VVFIN.1.*.Pres.Ind',1,6),(1833,'VVFIN.1.*.Pres.Konj',1,6),(1834,'VVFIN.1.*.Pres.*',1,6),(1835,'VVFIN.1.*.Past.Ind',1,6),(1836,'VVFIN.1.*.Past.Konj',1,6),(1837,'VVFIN.1.*.Past.*',1,6),(1838,'VVFIN.1.*.*.Ind',1,6),(1839,'VVFIN.1.*.*.Konj',1,6),(1840,'VVFIN.1.*.*.*',1,6),(1841,'VVFIN.2.Sg.Pres.Ind',0,6),(1842,'VVFIN.2.Sg.Pres.Konj',0,6),(1843,'VVFIN.2.Sg.Pres.*',1,6),(1844,'VVFIN.2.Sg.Past.Ind',0,6),(1845,'VVFIN.2.Sg.Past.Konj',0,6),(1846,'VVFIN.2.Sg.Past.*',1,6),(1847,'VVFIN.2.Sg.*.Ind',1,6),(1848,'VVFIN.2.Sg.*.Konj',1,6),(1849,'VVFIN.2.Sg.*.*',1,6),(1850,'VVFIN.2.Pl.Pres.Ind',0,6),(1851,'VVFIN.2.Pl.Pres.Konj',0,6),(1852,'VVFIN.2.Pl.Pres.*',1,6),(1853,'VVFIN.2.Pl.Past.Ind',0,6),(1854,'VVFIN.2.Pl.Past.Konj',0,6),(1855,'VVFIN.2.Pl.Past.*',1,6),(1856,'VVFIN.2.Pl.*.Ind',1,6),(1857,'VVFIN.2.Pl.*.Konj',1,6),(1858,'VVFIN.2.Pl.*.*',1,6),(1859,'VVFIN.2.*.Pres.Ind',1,6),(1860,'VVFIN.2.*.Pres.Konj',1,6),(1861,'VVFIN.2.*.Pres.*',1,6),(1862,'VVFIN.2.*.Past.Ind',1,6),(1863,'VVFIN.2.*.Past.Konj',1,6),(1864,'VVFIN.2.*.Past.*',1,6),(1865,'VVFIN.2.*.*.Ind',1,6),(1866,'VVFIN.2.*.*.Konj',1,6),(1867,'VVFIN.2.*.*.*',1,6),(1868,'VVFIN.3.Sg.Pres.Ind',0,6),(1869,'VVFIN.3.Sg.Pres.Konj',0,6),(1870,'VVFIN.3.Sg.Pres.*',1,6),(1871,'VVFIN.3.Sg.Past.Ind',0,6),(1872,'VVFIN.3.Sg.Past.Konj',0,6),(1873,'VVFIN.3.Sg.Past.*',1,6),(1874,'VVFIN.3.Sg.*.Ind',1,6),(1875,'VVFIN.3.Sg.*.Konj',1,6),(1876,'VVFIN.3.Sg.*.*',1,6),(1877,'VVFIN.3.Pl.Pres.Ind',0,6),(1878,'VVFIN.3.Pl.Pres.Konj',0,6),(1879,'VVFIN.3.Pl.Pres.*',1,6),(1880,'VVFIN.3.Pl.Past.Ind',0,6),(1881,'VVFIN.3.Pl.Past.Konj',0,6),(1882,'VVFIN.3.Pl.Past.*',1,6),(1883,'VVFIN.3.Pl.*.Ind',1,6),(1884,'VVFIN.3.Pl.*.Konj',1,6),(1885,'VVFIN.3.Pl.*.*',1,6),(1886,'VVFIN.3.*.Pres.Ind',1,6),(1887,'VVFIN.3.*.Pres.Konj',1,6),(1888,'VVFIN.3.*.Pres.*',1,6),(1889,'VVFIN.3.*.Past.Ind',1,6),(1890,'VVFIN.3.*.Past.Konj',1,6),(1891,'VVFIN.3.*.Past.*',1,6),(1892,'VVFIN.3.*.*.Ind',1,6),(1893,'VVFIN.3.*.*.Konj',1,6),(1894,'VVFIN.3.*.*.*',1,6),(1895,'VVFIN.*.Sg.Pres.Ind',1,6),(1896,'VVFIN.*.Sg.Pres.Konj',1,6),(1897,'VVFIN.*.Sg.Pres.*',1,6),(1898,'VVFIN.*.Sg.Past.Ind',1,6),(1899,'VVFIN.*.Sg.Past.Konj',1,6),(1900,'VVFIN.*.Sg.Past.*',1,6),(1901,'VVFIN.*.Sg.*.Ind',1,6),(1902,'VVFIN.*.Sg.*.Konj',1,6),(1903,'VVFIN.*.Sg.*.*',1,6),(1904,'VVFIN.*.Pl.Pres.Ind',1,6),(1905,'VVFIN.*.Pl.Pres.Konj',1,6),(1906,'VVFIN.*.Pl.Pres.*',1,6),(1907,'VVFIN.*.Pl.Past.Ind',1,6),(1908,'VVFIN.*.Pl.Past.Konj',1,6),(1909,'VVFIN.*.Pl.Past.*',1,6),(1910,'VVFIN.*.Pl.*.Ind',1,6),(1911,'VVFIN.*.Pl.*.Konj',1,6),(1912,'VVFIN.*.Pl.*.*',1,6),(1913,'VVFIN.*.*.Pres.Ind',1,6),(1914,'VVFIN.*.*.Pres.Konj',1,6),(1915,'VVFIN.*.*.Pres.*',1,6),(1916,'VVFIN.*.*.Past.Ind',1,6),(1917,'VVFIN.*.*.Past.Konj',1,6),(1918,'VVFIN.*.*.Past.*',1,6),(1919,'VVFIN.*.*.*.Ind',1,6),(1920,'VVFIN.*.*.*.Konj',1,6),(1921,'VVFIN.*.*.*.*',0,6),(1922,'APPO.Nom',0,6),(1923,'APPO.Gen',0,6),(1924,'APPO.Dat',0,6),(1925,'APPO.Akk',0,6),(1926,'APPO.*',0,6),(1927,'ADV',0,6),(1928,'$,',0,6),(1929,'PPOSAT.Masc.Nom.Sg',0,6),(1930,'PPOSAT.Masc.Nom.Pl',0,6),(1931,'PPOSAT.Masc.Nom.*',1,6),(1932,'PPOSAT.Masc.Gen.Sg',0,6),(1933,'PPOSAT.Masc.Gen.Pl',0,6),(1934,'PPOSAT.Masc.Gen.*',1,6),(1935,'PPOSAT.Masc.Dat.Sg',0,6),(1936,'PPOSAT.Masc.Dat.Pl',0,6),(1937,'PPOSAT.Masc.Dat.*',1,6),(1938,'PPOSAT.Masc.Akk.Sg',0,6),(1939,'PPOSAT.Masc.Akk.Pl',0,6),(1940,'PPOSAT.Masc.Akk.*',1,6),(1941,'PPOSAT.Masc.*.Sg',1,6),(1942,'PPOSAT.Masc.*.Pl',1,6),(1943,'PPOSAT.Masc.*.*',1,6),(1944,'PPOSAT.Fem.Nom.Sg',0,6),(1945,'PPOSAT.Fem.Nom.Pl',0,6),(1946,'PPOSAT.Fem.Nom.*',1,6),(1947,'PPOSAT.Fem.Gen.Sg',0,6),(1948,'PPOSAT.Fem.Gen.Pl',0,6),(1949,'PPOSAT.Fem.Gen.*',1,6),(1950,'PPOSAT.Fem.Dat.Sg',0,6),(1951,'PPOSAT.Fem.Dat.Pl',0,6),(1952,'PPOSAT.Fem.Dat.*',1,6),(1953,'PPOSAT.Fem.Akk.Sg',0,6),(1954,'PPOSAT.Fem.Akk.Pl',0,6),(1955,'PPOSAT.Fem.Akk.*',1,6),(1956,'PPOSAT.Fem.*.Sg',1,6),(1957,'PPOSAT.Fem.*.Pl',1,6),(1958,'PPOSAT.Fem.*.*',1,6),(1959,'PPOSAT.Neut.Nom.Sg',0,6),(1960,'PPOSAT.Neut.Nom.Pl',0,6),(1961,'PPOSAT.Neut.Nom.*',1,6),(1962,'PPOSAT.Neut.Gen.Sg',0,6),(1963,'PPOSAT.Neut.Gen.Pl',0,6),(1964,'PPOSAT.Neut.Gen.*',1,6),(1965,'PPOSAT.Neut.Dat.Sg',0,6),(1966,'PPOSAT.Neut.Dat.Pl',0,6),(1967,'PPOSAT.Neut.Dat.*',1,6),(1968,'PPOSAT.Neut.Akk.Sg',0,6),(1969,'PPOSAT.Neut.Akk.Pl',0,6),(1970,'PPOSAT.Neut.Akk.*',1,6),(1971,'PPOSAT.Neut.*.Sg',1,6),(1972,'PPOSAT.Neut.*.Pl',1,6),(1973,'PPOSAT.Neut.*.*',1,6),(1974,'PPOSAT.*.Nom.Sg',1,6),(1975,'PPOSAT.*.Nom.Pl',0,6),(1976,'PPOSAT.*.Nom.*',1,6),(1977,'PPOSAT.*.Gen.Sg',1,6),(1978,'PPOSAT.*.Gen.Pl',0,6),(1979,'PPOSAT.*.Gen.*',1,6),(1980,'PPOSAT.*.Dat.Sg',1,6),(1981,'PPOSAT.*.Dat.Pl',0,6),(1982,'PPOSAT.*.Dat.*',1,6),(1983,'PPOSAT.*.Akk.Sg',1,6),(1984,'PPOSAT.*.Akk.Pl',0,6),(1985,'PPOSAT.*.Akk.*',1,6),(1986,'PPOSAT.*.*.Sg',1,6),(1987,'PPOSAT.*.*.Pl',1,6),(1988,'PPOSAT.*.*.*',0,6),(1989,'$(',0,6),(1990,'PWAT.Masc.Nom.Sg',0,6),(1991,'PWAT.Masc.Nom.Pl',0,6),(1992,'PWAT.Masc.Nom.*',1,6),(1993,'PWAT.Masc.Gen.Sg',0,6),(1994,'PWAT.Masc.Gen.Pl',0,6),(1995,'PWAT.Masc.Gen.*',1,6),(1996,'PWAT.Masc.Dat.Sg',0,6),(1997,'PWAT.Masc.Dat.Pl',0,6),(1998,'PWAT.Masc.Dat.*',1,6),(1999,'PWAT.Masc.Akk.Sg',0,6),(2000,'PWAT.Masc.Akk.Pl',0,6),(2001,'PWAT.Masc.Akk.*',1,6),(2002,'PWAT.Masc.*.Sg',1,6),(2003,'PWAT.Masc.*.Pl',1,6),(2004,'PWAT.Masc.*.*',1,6),(2005,'PWAT.Fem.Nom.Sg',0,6),(2006,'PWAT.Fem.Nom.Pl',0,6),(2007,'PWAT.Fem.Nom.*',1,6),(2008,'PWAT.Fem.Gen.Sg',0,6),(2009,'PWAT.Fem.Gen.Pl',0,6),(2010,'PWAT.Fem.Gen.*',1,6),(2011,'PWAT.Fem.Dat.Sg',0,6),(2012,'PWAT.Fem.Dat.Pl',0,6),(2013,'PWAT.Fem.Dat.*',1,6),(2014,'PWAT.Fem.Akk.Sg',0,6),(2015,'PWAT.Fem.Akk.Pl',0,6),(2016,'PWAT.Fem.Akk.*',1,6),(2017,'PWAT.Fem.*.Sg',1,6),(2018,'PWAT.Fem.*.Pl',1,6),(2019,'PWAT.Fem.*.*',1,6),(2020,'PWAT.Neut.Nom.Sg',0,6),(2021,'PWAT.Neut.Nom.Pl',0,6),(2022,'PWAT.Neut.Nom.*',1,6),(2023,'PWAT.Neut.Gen.Sg',0,6),(2024,'PWAT.Neut.Gen.Pl',0,6),(2025,'PWAT.Neut.Gen.*',1,6),(2026,'PWAT.Neut.Dat.Sg',0,6),(2027,'PWAT.Neut.Dat.Pl',0,6),(2028,'PWAT.Neut.Dat.*',1,6),(2029,'PWAT.Neut.Akk.Sg',0,6),(2030,'PWAT.Neut.Akk.Pl',0,6),(2031,'PWAT.Neut.Akk.*',1,6),(2032,'PWAT.Neut.*.Sg',1,6),(2033,'PWAT.Neut.*.Pl',1,6),(2034,'PWAT.Neut.*.*',1,6),(2035,'PWAT.*.Nom.Sg',1,6),(2036,'PWAT.*.Nom.Pl',0,6),(2037,'PWAT.*.Nom.*',1,6),(2038,'PWAT.*.Gen.Sg',1,6),(2039,'PWAT.*.Gen.Pl',0,6),(2040,'PWAT.*.Gen.*',1,6),(2041,'PWAT.*.Dat.Sg',1,6),(2042,'PWAT.*.Dat.Pl',0,6),(2043,'PWAT.*.Dat.*',1,6),(2044,'PWAT.*.Akk.Sg',1,6),(2045,'PWAT.*.Akk.Pl',0,6),(2046,'PWAT.*.Akk.*',1,6),(2047,'PWAT.*.*.Sg',1,6),(2048,'PWAT.*.*.Pl',1,6),(2049,'PWAT.*.*.*',0,6),(2050,'KOUS',0,6),(2051,'PDS.Masc.Nom.Sg',0,6),(2052,'PDS.Masc.Nom.Pl',0,6),(2053,'PDS.Masc.Nom.*',1,6),(2054,'PDS.Masc.Gen.Sg',0,6),(2055,'PDS.Masc.Gen.Pl',0,6),(2056,'PDS.Masc.Gen.*',1,6),(2057,'PDS.Masc.Dat.Sg',0,6),(2058,'PDS.Masc.Dat.Pl',0,6),(2059,'PDS.Masc.Dat.*',1,6),(2060,'PDS.Masc.Akk.Sg',0,6),(2061,'PDS.Masc.Akk.Pl',0,6),(2062,'PDS.Masc.Akk.*',1,6),(2063,'PDS.Masc.*.Sg',1,6),(2064,'PDS.Masc.*.Pl',1,6),(2065,'PDS.Masc.*.*',1,6),(2066,'PDS.Fem.Nom.Sg',0,6),(2067,'PDS.Fem.Nom.Pl',0,6),(2068,'PDS.Fem.Nom.*',1,6),(2069,'PDS.Fem.Gen.Sg',0,6),(2070,'PDS.Fem.Gen.Pl',0,6),(2071,'PDS.Fem.Gen.*',1,6),(2072,'PDS.Fem.Dat.Sg',0,6),(2073,'PDS.Fem.Dat.Pl',0,6),(2074,'PDS.Fem.Dat.*',1,6),(2075,'PDS.Fem.Akk.Sg',0,6),(2076,'PDS.Fem.Akk.Pl',0,6),(2077,'PDS.Fem.Akk.*',1,6),(2078,'PDS.Fem.*.Sg',1,6),(2079,'PDS.Fem.*.Pl',1,6),(2080,'PDS.Fem.*.*',1,6),(2081,'PDS.Neut.Nom.Sg',0,6),(2082,'PDS.Neut.Nom.Pl',0,6),(2083,'PDS.Neut.Nom.*',1,6),(2084,'PDS.Neut.Gen.Sg',0,6),(2085,'PDS.Neut.Gen.Pl',0,6),(2086,'PDS.Neut.Gen.*',1,6),(2087,'PDS.Neut.Dat.Sg',0,6),(2088,'PDS.Neut.Dat.Pl',0,6),(2089,'PDS.Neut.Dat.*',1,6),(2090,'PDS.Neut.Akk.Sg',0,6),(2091,'PDS.Neut.Akk.Pl',0,6),(2092,'PDS.Neut.Akk.*',1,6),(2093,'PDS.Neut.*.Sg',1,6),(2094,'PDS.Neut.*.Pl',1,6),(2095,'PDS.Neut.*.*',1,6),(2096,'PDS.*.Nom.Sg',1,6),(2097,'PDS.*.Nom.Pl',0,6),(2098,'PDS.*.Nom.*',1,6),(2099,'PDS.*.Gen.Sg',1,6),(2100,'PDS.*.Gen.Pl',0,6),(2101,'PDS.*.Gen.*',1,6),(2102,'PDS.*.Dat.Sg',1,6),(2103,'PDS.*.Dat.Pl',0,6),(2104,'PDS.*.Dat.*',1,6),(2105,'PDS.*.Akk.Sg',1,6),(2106,'PDS.*.Akk.Pl',0,6),(2107,'PDS.*.Akk.*',1,6),(2108,'PDS.*.*.Sg',1,6),(2109,'PDS.*.*.Pl',1,6),(2110,'PDS.*.*.*',0,6),(2111,'VVPP',0,6),(2112,'VMPP',0,6),(2113,'PRELAT',0,6),(2114,'PTKANT',0,6),(2115,'PTKZU',0,6),(2116,'CARD',0,6),(2117,'PWS.Masc.Nom.Sg',0,6),(2118,'PWS.Masc.Nom.Pl',0,6),(2119,'PWS.Masc.Nom.*',1,6),(2120,'PWS.Masc.Gen.Sg',0,6),(2121,'PWS.Masc.Gen.Pl',0,6),(2122,'PWS.Masc.Gen.*',1,6),(2123,'PWS.Masc.Dat.Sg',0,6),(2124,'PWS.Masc.Dat.Pl',0,6),(2125,'PWS.Masc.Dat.*',1,6),(2126,'PWS.Masc.Akk.Sg',0,6),(2127,'PWS.Masc.Akk.Pl',0,6),(2128,'PWS.Masc.Akk.*',1,6),(2129,'PWS.Masc.*.Sg',1,6),(2130,'PWS.Masc.*.Pl',1,6),(2131,'PWS.Masc.*.*',1,6),(2132,'PWS.Fem.Nom.Sg',0,6),(2133,'PWS.Fem.Nom.Pl',0,6),(2134,'PWS.Fem.Nom.*',1,6),(2135,'PWS.Fem.Gen.Sg',0,6),(2136,'PWS.Fem.Gen.Pl',0,6),(2137,'PWS.Fem.Gen.*',1,6),(2138,'PWS.Fem.Dat.Sg',0,6),(2139,'PWS.Fem.Dat.Pl',0,6),(2140,'PWS.Fem.Dat.*',1,6),(2141,'PWS.Fem.Akk.Sg',0,6),(2142,'PWS.Fem.Akk.Pl',0,6),(2143,'PWS.Fem.Akk.*',1,6),(2144,'PWS.Fem.*.Sg',1,6),(2145,'PWS.Fem.*.Pl',1,6),(2146,'PWS.Fem.*.*',1,6),(2147,'PWS.Neut.Nom.Sg',0,6),(2148,'PWS.Neut.Nom.Pl',0,6),(2149,'PWS.Neut.Nom.*',1,6),(2150,'PWS.Neut.Gen.Sg',0,6),(2151,'PWS.Neut.Gen.Pl',0,6),(2152,'PWS.Neut.Gen.*',1,6),(2153,'PWS.Neut.Dat.Sg',0,6),(2154,'PWS.Neut.Dat.Pl',0,6),(2155,'PWS.Neut.Dat.*',1,6),(2156,'PWS.Neut.Akk.Sg',0,6),(2157,'PWS.Neut.Akk.Pl',0,6),(2158,'PWS.Neut.Akk.*',1,6),(2159,'PWS.Neut.*.Sg',1,6),(2160,'PWS.Neut.*.Pl',1,6),(2161,'PWS.Neut.*.*',1,6),(2162,'PWS.*.Nom.Sg',0,6),(2163,'PWS.*.Nom.Pl',0,6),(2164,'PWS.*.Nom.*',1,6),(2165,'PWS.*.Gen.Sg',0,6),(2166,'PWS.*.Gen.Pl',0,6),(2167,'PWS.*.Gen.*',1,6),(2168,'PWS.*.Dat.Sg',0,6),(2169,'PWS.*.Dat.Pl',0,6),(2170,'PWS.*.Dat.*',1,6),(2171,'PWS.*.Akk.Sg',0,6),(2172,'PWS.*.Akk.Pl',0,6),(2173,'PWS.*.Akk.*',1,6),(2174,'PWS.*.*.Sg',1,6),(2175,'PWS.*.*.Pl',1,6),(2176,'PWS.*.*.*',0,6),(2177,'KOUI',0,6),(2178,'VVIMP.Sg',0,6),(2179,'VVIMP.Pl',0,6),(2180,'VVIMP.*',0,6),(2181,'ART.Def.Masc.Nom.Sg',0,6),(2182,'ART.Def.Masc.Nom.Pl',0,6),(2183,'ART.Def.Masc.Nom.*',1,6),(2184,'ART.Def.Masc.Gen.Sg',0,6),(2185,'ART.Def.Masc.Gen.Pl',0,6),(2186,'ART.Def.Masc.Gen.*',1,6),(2187,'ART.Def.Masc.Dat.Sg',0,6),(2188,'ART.Def.Masc.Dat.Pl',0,6),(2189,'ART.Def.Masc.Dat.*',1,6),(2190,'ART.Def.Masc.Akk.Sg',0,6),(2191,'ART.Def.Masc.Akk.Pl',0,6),(2192,'ART.Def.Masc.Akk.*',1,6),(2193,'ART.Def.Masc.*.Sg',1,6),(2194,'ART.Def.Masc.*.Pl',1,6),(2195,'ART.Def.Masc.*.*',1,6),(2196,'ART.Def.Fem.Nom.Sg',0,6),(2197,'ART.Def.Fem.Nom.Pl',0,6),(2198,'ART.Def.Fem.Nom.*',1,6),(2199,'ART.Def.Fem.Gen.Sg',0,6),(2200,'ART.Def.Fem.Gen.Pl',0,6),(2201,'ART.Def.Fem.Gen.*',1,6),(2202,'ART.Def.Fem.Dat.Sg',0,6),(2203,'ART.Def.Fem.Dat.Pl',0,6),(2204,'ART.Def.Fem.Dat.*',1,6),(2205,'ART.Def.Fem.Akk.Sg',0,6),(2206,'ART.Def.Fem.Akk.Pl',0,6),(2207,'ART.Def.Fem.Akk.*',1,6),(2208,'ART.Def.Fem.*.Sg',1,6),(2209,'ART.Def.Fem.*.Pl',1,6),(2210,'ART.Def.Fem.*.*',1,6),(2211,'ART.Def.Neut.Nom.Sg',0,6),(2212,'ART.Def.Neut.Nom.Pl',0,6),(2213,'ART.Def.Neut.Nom.*',1,6),(2214,'ART.Def.Neut.Gen.Sg',0,6),(2215,'ART.Def.Neut.Gen.Pl',0,6),(2216,'ART.Def.Neut.Gen.*',1,6),(2217,'ART.Def.Neut.Dat.Sg',0,6),(2218,'ART.Def.Neut.Dat.Pl',0,6),(2219,'ART.Def.Neut.Dat.*',1,6),(2220,'ART.Def.Neut.Akk.Sg',0,6),(2221,'ART.Def.Neut.Akk.Pl',0,6),(2222,'ART.Def.Neut.Akk.*',1,6),(2223,'ART.Def.Neut.*.Sg',1,6),(2224,'ART.Def.Neut.*.Pl',1,6),(2225,'ART.Def.Neut.*.*',1,6),(2226,'ART.Def.*.Nom.Sg',1,6),(2227,'ART.Def.*.Nom.Pl',0,6),(2228,'ART.Def.*.Nom.*',1,6),(2229,'ART.Def.*.Gen.Sg',1,6),(2230,'ART.Def.*.Gen.Pl',0,6),(2231,'ART.Def.*.Gen.*',1,6),(2232,'ART.Def.*.Dat.Sg',1,6),(2233,'ART.Def.*.Dat.Pl',0,6),(2234,'ART.Def.*.Dat.*',1,6),(2235,'ART.Def.*.Akk.Sg',1,6),(2236,'ART.Def.*.Akk.Pl',0,6),(2237,'ART.Def.*.Akk.*',1,6),(2238,'ART.Def.*.*.Sg',1,6),(2239,'ART.Def.*.*.Pl',1,6),(2240,'ART.Def.*.*.*',1,6),(2241,'ART.Indef.Masc.Nom.Sg',0,6),(2242,'ART.Indef.Masc.Nom.Pl',0,6),(2243,'ART.Indef.Masc.Nom.*',1,6),(2244,'ART.Indef.Masc.Gen.Sg',0,6),(2245,'ART.Indef.Masc.Gen.Pl',0,6),(2246,'ART.Indef.Masc.Gen.*',1,6),(2247,'ART.Indef.Masc.Dat.Sg',0,6),(2248,'ART.Indef.Masc.Dat.Pl',0,6),(2249,'ART.Indef.Masc.Dat.*',1,6),(2250,'ART.Indef.Masc.Akk.Sg',0,6),(2251,'ART.Indef.Masc.Akk.Pl',0,6),(2252,'ART.Indef.Masc.Akk.*',1,6),(2253,'ART.Indef.Masc.*.Sg',1,6),(2254,'ART.Indef.Masc.*.Pl',1,6),(2255,'ART.Indef.Masc.*.*',1,6),(2256,'ART.Indef.Fem.Nom.Sg',0,6),(2257,'ART.Indef.Fem.Nom.Pl',0,6),(2258,'ART.Indef.Fem.Nom.*',1,6),(2259,'ART.Indef.Fem.Gen.Sg',0,6),(2260,'ART.Indef.Fem.Gen.Pl',0,6),(2261,'ART.Indef.Fem.Gen.*',1,6),(2262,'ART.Indef.Fem.Dat.Sg',0,6),(2263,'ART.Indef.Fem.Dat.Pl',0,6),(2264,'ART.Indef.Fem.Dat.*',1,6),(2265,'ART.Indef.Fem.Akk.Sg',0,6),(2266,'ART.Indef.Fem.Akk.Pl',0,6),(2267,'ART.Indef.Fem.Akk.*',1,6),(2268,'ART.Indef.Fem.*.Sg',1,6),(2269,'ART.Indef.Fem.*.Pl',1,6),(2270,'ART.Indef.Fem.*.*',1,6),(2271,'ART.Indef.Neut.Nom.Sg',0,6),(2272,'ART.Indef.Neut.Nom.Pl',0,6),(2273,'ART.Indef.Neut.Nom.*',1,6),(2274,'ART.Indef.Neut.Gen.Sg',0,6),(2275,'ART.Indef.Neut.Gen.Pl',0,6),(2276,'ART.Indef.Neut.Gen.*',1,6),(2277,'ART.Indef.Neut.Dat.Sg',0,6),(2278,'ART.Indef.Neut.Dat.Pl',0,6),(2279,'ART.Indef.Neut.Dat.*',1,6),(2280,'ART.Indef.Neut.Akk.Sg',0,6),(2281,'ART.Indef.Neut.Akk.Pl',0,6),(2282,'ART.Indef.Neut.Akk.*',1,6),(2283,'ART.Indef.Neut.*.Sg',1,6),(2284,'ART.Indef.Neut.*.Pl',1,6),(2285,'ART.Indef.Neut.*.*',1,6),(2286,'ART.Indef.*.Nom.Sg',1,6),(2287,'ART.Indef.*.Nom.Pl',0,6),(2288,'ART.Indef.*.Nom.*',1,6),(2289,'ART.Indef.*.Gen.Sg',1,6),(2290,'ART.Indef.*.Gen.Pl',0,6),(2291,'ART.Indef.*.Gen.*',1,6),(2292,'ART.Indef.*.Dat.Sg',1,6),(2293,'ART.Indef.*.Dat.Pl',0,6),(2294,'ART.Indef.*.Dat.*',1,6),(2295,'ART.Indef.*.Akk.Sg',1,6),(2296,'ART.Indef.*.Akk.Pl',0,6),(2297,'ART.Indef.*.Akk.*',1,6),(2298,'ART.Indef.*.*.Sg',1,6),(2299,'ART.Indef.*.*.Pl',1,6),(2300,'ART.Indef.*.*.*',1,6),(2301,'ART.*.Masc.Nom.Sg',1,6),(2302,'ART.*.Masc.Nom.Pl',1,6),(2303,'ART.*.Masc.Nom.*',1,6),(2304,'ART.*.Masc.Gen.Sg',1,6),(2305,'ART.*.Masc.Gen.Pl',1,6),(2306,'ART.*.Masc.Gen.*',1,6),(2307,'ART.*.Masc.Dat.Sg',1,6),(2308,'ART.*.Masc.Dat.Pl',1,6),(2309,'ART.*.Masc.Dat.*',1,6),(2310,'ART.*.Masc.Akk.Sg',1,6),(2311,'ART.*.Masc.Akk.Pl',1,6),(2312,'ART.*.Masc.Akk.*',1,6),(2313,'ART.*.Masc.*.Sg',1,6),(2314,'ART.*.Masc.*.Pl',1,6),(2315,'ART.*.Masc.*.*',1,6),(2316,'ART.*.Fem.Nom.Sg',1,6),(2317,'ART.*.Fem.Nom.Pl',1,6),(2318,'ART.*.Fem.Nom.*',1,6),(2319,'ART.*.Fem.Gen.Sg',1,6),(2320,'ART.*.Fem.Gen.Pl',1,6),(2321,'ART.*.Fem.Gen.*',1,6),(2322,'ART.*.Fem.Dat.Sg',1,6),(2323,'ART.*.Fem.Dat.Pl',1,6),(2324,'ART.*.Fem.Dat.*',1,6),(2325,'ART.*.Fem.Akk.Sg',1,6),(2326,'ART.*.Fem.Akk.Pl',1,6),(2327,'ART.*.Fem.Akk.*',1,6),(2328,'ART.*.Fem.*.Sg',1,6),(2329,'ART.*.Fem.*.Pl',1,6),(2330,'ART.*.Fem.*.*',1,6),(2331,'ART.*.Neut.Nom.Sg',1,6),(2332,'ART.*.Neut.Nom.Pl',1,6),(2333,'ART.*.Neut.Nom.*',1,6),(2334,'ART.*.Neut.Gen.Sg',1,6),(2335,'ART.*.Neut.Gen.Pl',1,6),(2336,'ART.*.Neut.Gen.*',1,6),(2337,'ART.*.Neut.Dat.Sg',1,6),(2338,'ART.*.Neut.Dat.Pl',1,6),(2339,'ART.*.Neut.Dat.*',1,6),(2340,'ART.*.Neut.Akk.Sg',1,6),(2341,'ART.*.Neut.Akk.Pl',1,6),(2342,'ART.*.Neut.Akk.*',1,6),(2343,'ART.*.Neut.*.Sg',1,6),(2344,'ART.*.Neut.*.Pl',1,6),(2345,'ART.*.Neut.*.*',1,6),(2346,'ART.*.*.Nom.Sg',1,6),(2347,'ART.*.*.Nom.Pl',1,6),(2348,'ART.*.*.Nom.*',1,6),(2349,'ART.*.*.Gen.Sg',1,6),(2350,'ART.*.*.Gen.Pl',1,6),(2351,'ART.*.*.Gen.*',1,6),(2352,'ART.*.*.Dat.Sg',1,6),(2353,'ART.*.*.Dat.Pl',1,6),(2354,'ART.*.*.Dat.*',1,6),(2355,'ART.*.*.Akk.Sg',1,6),(2356,'ART.*.*.Akk.Pl',1,6),(2357,'ART.*.*.Akk.*',1,6),(2358,'ART.*.*.*.Sg',1,6),(2359,'ART.*.*.*.Pl',1,6),(2360,'ART.*.*.*.*',0,6),(2361,'VMINF',0,6),(2362,'VAFIN.1.Sg.Pres.Ind',0,6),(2363,'VAFIN.1.Sg.Pres.Konj',0,6),(2364,'VAFIN.1.Sg.Pres.*',1,6),(2365,'VAFIN.1.Sg.Past.Ind',0,6),(2366,'VAFIN.1.Sg.Past.Konj',0,6),(2367,'VAFIN.1.Sg.Past.*',1,6),(2368,'VAFIN.1.Sg.*.Ind',1,6),(2369,'VAFIN.1.Sg.*.Konj',1,6),(2370,'VAFIN.1.Sg.*.*',1,6),(2371,'VAFIN.1.Pl.Pres.Ind',0,6),(2372,'VAFIN.1.Pl.Pres.Konj',0,6),(2373,'VAFIN.1.Pl.Pres.*',1,6),(2374,'VAFIN.1.Pl.Past.Ind',0,6),(2375,'VAFIN.1.Pl.Past.Konj',0,6),(2376,'VAFIN.1.Pl.Past.*',1,6),(2377,'VAFIN.1.Pl.*.Ind',1,6),(2378,'VAFIN.1.Pl.*.Konj',1,6),(2379,'VAFIN.1.Pl.*.*',1,6),(2380,'VAFIN.1.*.Pres.Ind',1,6),(2381,'VAFIN.1.*.Pres.Konj',1,6),(2382,'VAFIN.1.*.Pres.*',1,6),(2383,'VAFIN.1.*.Past.Ind',1,6),(2384,'VAFIN.1.*.Past.Konj',1,6),(2385,'VAFIN.1.*.Past.*',1,6),(2386,'VAFIN.1.*.*.Ind',1,6),(2387,'VAFIN.1.*.*.Konj',1,6),(2388,'VAFIN.1.*.*.*',1,6),(2389,'VAFIN.2.Sg.Pres.Ind',0,6),(2390,'VAFIN.2.Sg.Pres.Konj',0,6),(2391,'VAFIN.2.Sg.Pres.*',1,6),(2392,'VAFIN.2.Sg.Past.Ind',0,6),(2393,'VAFIN.2.Sg.Past.Konj',0,6),(2394,'VAFIN.2.Sg.Past.*',1,6),(2395,'VAFIN.2.Sg.*.Ind',1,6),(2396,'VAFIN.2.Sg.*.Konj',1,6),(2397,'VAFIN.2.Sg.*.*',1,6),(2398,'VAFIN.2.Pl.Pres.Ind',0,6),(2399,'VAFIN.2.Pl.Pres.Konj',0,6),(2400,'VAFIN.2.Pl.Pres.*',1,6),(2401,'VAFIN.2.Pl.Past.Ind',0,6),(2402,'VAFIN.2.Pl.Past.Konj',0,6),(2403,'VAFIN.2.Pl.Past.*',1,6),(2404,'VAFIN.2.Pl.*.Ind',1,6),(2405,'VAFIN.2.Pl.*.Konj',1,6),(2406,'VAFIN.2.Pl.*.*',1,6),(2407,'VAFIN.2.*.Pres.Ind',1,6),(2408,'VAFIN.2.*.Pres.Konj',1,6),(2409,'VAFIN.2.*.Pres.*',1,6),(2410,'VAFIN.2.*.Past.Ind',1,6),(2411,'VAFIN.2.*.Past.Konj',1,6),(2412,'VAFIN.2.*.Past.*',1,6),(2413,'VAFIN.2.*.*.Ind',1,6),(2414,'VAFIN.2.*.*.Konj',1,6),(2415,'VAFIN.2.*.*.*',1,6),(2416,'VAFIN.3.Sg.Pres.Ind',0,6),(2417,'VAFIN.3.Sg.Pres.Konj',0,6),(2418,'VAFIN.3.Sg.Pres.*',1,6),(2419,'VAFIN.3.Sg.Past.Ind',0,6),(2420,'VAFIN.3.Sg.Past.Konj',0,6),(2421,'VAFIN.3.Sg.Past.*',1,6),(2422,'VAFIN.3.Sg.*.Ind',1,6),(2423,'VAFIN.3.Sg.*.Konj',1,6),(2424,'VAFIN.3.Sg.*.*',1,6),(2425,'VAFIN.3.Pl.Pres.Ind',0,6),(2426,'VAFIN.3.Pl.Pres.Konj',0,6),(2427,'VAFIN.3.Pl.Pres.*',1,6),(2428,'VAFIN.3.Pl.Past.Ind',0,6),(2429,'VAFIN.3.Pl.Past.Konj',0,6),(2430,'VAFIN.3.Pl.Past.*',1,6),(2431,'VAFIN.3.Pl.*.Ind',1,6),(2432,'VAFIN.3.Pl.*.Konj',1,6),(2433,'VAFIN.3.Pl.*.*',1,6),(2434,'VAFIN.3.*.Pres.Ind',1,6),(2435,'VAFIN.3.*.Pres.Konj',1,6),(2436,'VAFIN.3.*.Pres.*',1,6),(2437,'VAFIN.3.*.Past.Ind',1,6),(2438,'VAFIN.3.*.Past.Konj',1,6),(2439,'VAFIN.3.*.Past.*',1,6),(2440,'VAFIN.3.*.*.Ind',1,6),(2441,'VAFIN.3.*.*.Konj',1,6),(2442,'VAFIN.3.*.*.*',1,6),(2443,'VAFIN.*.Sg.Pres.Ind',1,6),(2444,'VAFIN.*.Sg.Pres.Konj',1,6),(2445,'VAFIN.*.Sg.Pres.*',1,6),(2446,'VAFIN.*.Sg.Past.Ind',1,6),(2447,'VAFIN.*.Sg.Past.Konj',1,6),(2448,'VAFIN.*.Sg.Past.*',1,6),(2449,'VAFIN.*.Sg.*.Ind',1,6),(2450,'VAFIN.*.Sg.*.Konj',1,6),(2451,'VAFIN.*.Sg.*.*',1,6),(2452,'VAFIN.*.Pl.Pres.Ind',1,6),(2453,'VAFIN.*.Pl.Pres.Konj',1,6),(2454,'VAFIN.*.Pl.Pres.*',1,6),(2455,'VAFIN.*.Pl.Past.Ind',1,6),(2456,'VAFIN.*.Pl.Past.Konj',1,6),(2457,'VAFIN.*.Pl.Past.*',1,6),(2458,'VAFIN.*.Pl.*.Ind',1,6),(2459,'VAFIN.*.Pl.*.Konj',1,6),(2460,'VAFIN.*.Pl.*.*',1,6),(2461,'VAFIN.*.*.Pres.Ind',1,6),(2462,'VAFIN.*.*.Pres.Konj',1,6),(2463,'VAFIN.*.*.Pres.*',1,6),(2464,'VAFIN.*.*.Past.Ind',1,6),(2465,'VAFIN.*.*.Past.Konj',1,6),(2466,'VAFIN.*.*.Past.*',1,6),(2467,'VAFIN.*.*.*.Ind',1,6),(2468,'VAFIN.*.*.*.Konj',1,6),(2469,'VAFIN.*.*.*.*',0,6),(2470,'VAINF',0,6),(2471,'APPRART.Masc.Nom',0,6),(2472,'APPRART.Masc.Gen',0,6),(2473,'APPRART.Masc.Dat',0,6),(2474,'APPRART.Masc.Akk',0,6),(2475,'APPRART.Masc.*',1,6),(2476,'APPRART.Fem.Nom',0,6),(2477,'APPRART.Fem.Gen',0,6),(2478,'APPRART.Fem.Dat',0,6),(2479,'APPRART.Fem.Akk',0,6),(2480,'APPRART.Fem.*',1,6),(2481,'APPRART.Neut.Nom',0,6),(2482,'APPRART.Neut.Gen',0,6),(2483,'APPRART.Neut.Dat',0,6),(2484,'APPRART.Neut.Akk',0,6),(2485,'APPRART.Neut.*',1,6),(2486,'APPRART.*.Nom',1,6),(2487,'APPRART.*.Gen',1,6),(2488,'APPRART.*.Dat',1,6),(2489,'APPRART.*.Akk',1,6),(2490,'APPRART.*.*',0,6),(2491,'KOKOM',0,6),(2492,'TRUNC',0,6),(2493,'PTKA',0,6),(2494,'XY',0,6),(2495,'PIDAT.Masc.Nom.Sg',0,6),(2496,'PIDAT.Masc.Nom.Pl',0,6),(2497,'PIDAT.Masc.Nom.*',1,6),(2498,'PIDAT.Masc.Gen.Sg',0,6),(2499,'PIDAT.Masc.Gen.Pl',0,6),(2500,'PIDAT.Masc.Gen.*',1,6),(2501,'PIDAT.Masc.Dat.Sg',0,6),(2502,'PIDAT.Masc.Dat.Pl',0,6),(2503,'PIDAT.Masc.Dat.*',1,6),(2504,'PIDAT.Masc.Akk.Sg',0,6),(2505,'PIDAT.Masc.Akk.Pl',0,6),(2506,'PIDAT.Masc.Akk.*',1,6),(2507,'PIDAT.Masc.*.Sg',1,6),(2508,'PIDAT.Masc.*.Pl',1,6),(2509,'PIDAT.Masc.*.*',1,6),(2510,'PIDAT.Fem.Nom.Sg',0,6),(2511,'PIDAT.Fem.Nom.Pl',0,6),(2512,'PIDAT.Fem.Nom.*',1,6),(2513,'PIDAT.Fem.Gen.Sg',0,6),(2514,'PIDAT.Fem.Gen.Pl',0,6),(2515,'PIDAT.Fem.Gen.*',1,6),(2516,'PIDAT.Fem.Dat.Sg',0,6),(2517,'PIDAT.Fem.Dat.Pl',0,6),(2518,'PIDAT.Fem.Dat.*',1,6),(2519,'PIDAT.Fem.Akk.Sg',0,6),(2520,'PIDAT.Fem.Akk.Pl',0,6),(2521,'PIDAT.Fem.Akk.*',1,6),(2522,'PIDAT.Fem.*.Sg',1,6),(2523,'PIDAT.Fem.*.Pl',1,6),(2524,'PIDAT.Fem.*.*',1,6),(2525,'PIDAT.Neut.Nom.Sg',0,6),(2526,'PIDAT.Neut.Nom.Pl',0,6),(2527,'PIDAT.Neut.Nom.*',1,6),(2528,'PIDAT.Neut.Gen.Sg',0,6),(2529,'PIDAT.Neut.Gen.Pl',0,6),(2530,'PIDAT.Neut.Gen.*',1,6),(2531,'PIDAT.Neut.Dat.Sg',0,6),(2532,'PIDAT.Neut.Dat.Pl',0,6),(2533,'PIDAT.Neut.Dat.*',1,6),(2534,'PIDAT.Neut.Akk.Sg',0,6),(2535,'PIDAT.Neut.Akk.Pl',0,6),(2536,'PIDAT.Neut.Akk.*',1,6),(2537,'PIDAT.Neut.*.Sg',1,6),(2538,'PIDAT.Neut.*.Pl',1,6),(2539,'PIDAT.Neut.*.*',1,6),(2540,'PIDAT.*.Nom.Sg',1,6),(2541,'PIDAT.*.Nom.Pl',0,6),(2542,'PIDAT.*.Nom.*',1,6),(2543,'PIDAT.*.Gen.Sg',1,6),(2544,'PIDAT.*.Gen.Pl',0,6),(2545,'PIDAT.*.Gen.*',1,6),(2546,'PIDAT.*.Dat.Sg',1,6),(2547,'PIDAT.*.Dat.Pl',0,6),(2548,'PIDAT.*.Dat.*',1,6),(2549,'PIDAT.*.Akk.Sg',1,6),(2550,'PIDAT.*.Akk.Pl',0,6),(2551,'PIDAT.*.Akk.*',1,6),(2552,'PIDAT.*.*.Sg',1,6),(2553,'PIDAT.*.*.Pl',1,6),(2554,'PIDAT.*.*.*',0,6),(2555,'PPER.1.Sg.Masc.Nom',0,6),(2556,'PPER.1.Sg.Masc.Gen',0,6),(2557,'PPER.1.Sg.Masc.Dat',0,6),(2558,'PPER.1.Sg.Masc.Akk',0,6),(2559,'PPER.1.Sg.Masc.*',1,6),(2560,'PPER.1.Sg.Fem.Nom',0,6),(2561,'PPER.1.Sg.Fem.Gen',0,6),(2562,'PPER.1.Sg.Fem.Dat',0,6),(2563,'PPER.1.Sg.Fem.Akk',0,6),(2564,'PPER.1.Sg.Fem.*',1,6),(2565,'PPER.1.Sg.Neut.Nom',0,6),(2566,'PPER.1.Sg.Neut.Gen',0,6),(2567,'PPER.1.Sg.Neut.Dat',0,6),(2568,'PPER.1.Sg.Neut.Akk',0,6),(2569,'PPER.1.Sg.Neut.*',1,6),(2570,'PPER.1.Sg.*.Nom',0,6),(2571,'PPER.1.Sg.*.Gen',0,6),(2572,'PPER.1.Sg.*.Dat',0,6),(2573,'PPER.1.Sg.*.Akk',0,6),(2574,'PPER.1.Sg.*.*',1,6),(2575,'PPER.1.Pl.Masc.Nom',0,6),(2576,'PPER.1.Pl.Masc.Gen',0,6),(2577,'PPER.1.Pl.Masc.Dat',0,6),(2578,'PPER.1.Pl.Masc.Akk',0,6),(2579,'PPER.1.Pl.Masc.*',1,6),(2580,'PPER.1.Pl.Fem.Nom',0,6),(2581,'PPER.1.Pl.Fem.Gen',0,6),(2582,'PPER.1.Pl.Fem.Dat',0,6),(2583,'PPER.1.Pl.Fem.Akk',0,6),(2584,'PPER.1.Pl.Fem.*',1,6),(2585,'PPER.1.Pl.Neut.Nom',0,6),(2586,'PPER.1.Pl.Neut.Gen',0,6),(2587,'PPER.1.Pl.Neut.Dat',0,6),(2588,'PPER.1.Pl.Neut.Akk',0,6),(2589,'PPER.1.Pl.Neut.*',1,6),(2590,'PPER.1.Pl.*.Nom',0,6),(2591,'PPER.1.Pl.*.Gen',0,6),(2592,'PPER.1.Pl.*.Dat',0,6),(2593,'PPER.1.Pl.*.Akk',0,6),(2594,'PPER.1.Pl.*.*',1,6),(2595,'PPER.1.*.Masc.Nom',1,6),(2596,'PPER.1.*.Masc.Gen',1,6),(2597,'PPER.1.*.Masc.Dat',1,6),(2598,'PPER.1.*.Masc.Akk',1,6),(2599,'PPER.1.*.Masc.*',1,6),(2600,'PPER.1.*.Fem.Nom',1,6),(2601,'PPER.1.*.Fem.Gen',1,6),(2602,'PPER.1.*.Fem.Dat',1,6),(2603,'PPER.1.*.Fem.Akk',1,6),(2604,'PPER.1.*.Fem.*',1,6),(2605,'PPER.1.*.Neut.Nom',1,6),(2606,'PPER.1.*.Neut.Gen',1,6),(2607,'PPER.1.*.Neut.Dat',1,6),(2608,'PPER.1.*.Neut.Akk',1,6),(2609,'PPER.1.*.Neut.*',1,6),(2610,'PPER.1.*.*.Nom',1,6),(2611,'PPER.1.*.*.Gen',1,6),(2612,'PPER.1.*.*.Dat',1,6),(2613,'PPER.1.*.*.Akk',1,6),(2614,'PPER.1.*.*.*',1,6),(2615,'PPER.2.Sg.Masc.Nom',0,6),(2616,'PPER.2.Sg.Masc.Gen',0,6),(2617,'PPER.2.Sg.Masc.Dat',0,6),(2618,'PPER.2.Sg.Masc.Akk',0,6),(2619,'PPER.2.Sg.Masc.*',1,6),(2620,'PPER.2.Sg.Fem.Nom',0,6),(2621,'PPER.2.Sg.Fem.Gen',0,6),(2622,'PPER.2.Sg.Fem.Dat',0,6),(2623,'PPER.2.Sg.Fem.Akk',0,6),(2624,'PPER.2.Sg.Fem.*',1,6),(2625,'PPER.2.Sg.Neut.Nom',0,6),(2626,'PPER.2.Sg.Neut.Gen',0,6),(2627,'PPER.2.Sg.Neut.Dat',0,6),(2628,'PPER.2.Sg.Neut.Akk',0,6),(2629,'PPER.2.Sg.Neut.*',1,6),(2630,'PPER.2.Sg.*.Nom',0,6),(2631,'PPER.2.Sg.*.Gen',0,6),(2632,'PPER.2.Sg.*.Dat',0,6),(2633,'PPER.2.Sg.*.Akk',0,6),(2634,'PPER.2.Sg.*.*',1,6),(2635,'PPER.2.Pl.Masc.Nom',0,6),(2636,'PPER.2.Pl.Masc.Gen',0,6),(2637,'PPER.2.Pl.Masc.Dat',0,6),(2638,'PPER.2.Pl.Masc.Akk',0,6),(2639,'PPER.2.Pl.Masc.*',1,6),(2640,'PPER.2.Pl.Fem.Nom',0,6),(2641,'PPER.2.Pl.Fem.Gen',0,6),(2642,'PPER.2.Pl.Fem.Dat',0,6),(2643,'PPER.2.Pl.Fem.Akk',0,6),(2644,'PPER.2.Pl.Fem.*',1,6),(2645,'PPER.2.Pl.Neut.Nom',0,6),(2646,'PPER.2.Pl.Neut.Gen',0,6),(2647,'PPER.2.Pl.Neut.Dat',0,6),(2648,'PPER.2.Pl.Neut.Akk',0,6),(2649,'PPER.2.Pl.Neut.*',1,6),(2650,'PPER.2.Pl.*.Nom',0,6),(2651,'PPER.2.Pl.*.Gen',0,6),(2652,'PPER.2.Pl.*.Dat',0,6),(2653,'PPER.2.Pl.*.Akk',0,6),(2654,'PPER.2.Pl.*.*',1,6),(2655,'PPER.2.*.Masc.Nom',1,6),(2656,'PPER.2.*.Masc.Gen',1,6),(2657,'PPER.2.*.Masc.Dat',1,6),(2658,'PPER.2.*.Masc.Akk',1,6),(2659,'PPER.2.*.Masc.*',1,6),(2660,'PPER.2.*.Fem.Nom',1,6),(2661,'PPER.2.*.Fem.Gen',1,6),(2662,'PPER.2.*.Fem.Dat',1,6),(2663,'PPER.2.*.Fem.Akk',1,6),(2664,'PPER.2.*.Fem.*',1,6),(2665,'PPER.2.*.Neut.Nom',1,6),(2666,'PPER.2.*.Neut.Gen',1,6),(2667,'PPER.2.*.Neut.Dat',1,6),(2668,'PPER.2.*.Neut.Akk',1,6),(2669,'PPER.2.*.Neut.*',1,6),(2670,'PPER.2.*.*.Nom',1,6),(2671,'PPER.2.*.*.Gen',1,6),(2672,'PPER.2.*.*.Dat',1,6),(2673,'PPER.2.*.*.Akk',1,6),(2674,'PPER.2.*.*.*',1,6),(2675,'PPER.3.Sg.Masc.Nom',0,6),(2676,'PPER.3.Sg.Masc.Gen',0,6),(2677,'PPER.3.Sg.Masc.Dat',0,6),(2678,'PPER.3.Sg.Masc.Akk',0,6),(2679,'PPER.3.Sg.Masc.*',1,6),(2680,'PPER.3.Sg.Fem.Nom',0,6),(2681,'PPER.3.Sg.Fem.Gen',0,6),(2682,'PPER.3.Sg.Fem.Dat',0,6),(2683,'PPER.3.Sg.Fem.Akk',0,6),(2684,'PPER.3.Sg.Fem.*',1,6),(2685,'PPER.3.Sg.Neut.Nom',0,6),(2686,'PPER.3.Sg.Neut.Gen',0,6),(2687,'PPER.3.Sg.Neut.Dat',0,6),(2688,'PPER.3.Sg.Neut.Akk',0,6),(2689,'PPER.3.Sg.Neut.*',1,6),(2690,'PPER.3.Sg.*.Nom',1,6),(2691,'PPER.3.Sg.*.Gen',1,6),(2692,'PPER.3.Sg.*.Dat',1,6),(2693,'PPER.3.Sg.*.Akk',1,6),(2694,'PPER.3.Sg.*.*',1,6),(2695,'PPER.3.Pl.Masc.Nom',0,6),(2696,'PPER.3.Pl.Masc.Gen',0,6),(2697,'PPER.3.Pl.Masc.Dat',0,6),(2698,'PPER.3.Pl.Masc.Akk',0,6),(2699,'PPER.3.Pl.Masc.*',1,6),(2700,'PPER.3.Pl.Fem.Nom',0,6),(2701,'PPER.3.Pl.Fem.Gen',0,6),(2702,'PPER.3.Pl.Fem.Dat',0,6),(2703,'PPER.3.Pl.Fem.Akk',0,6),(2704,'PPER.3.Pl.Fem.*',1,6),(2705,'PPER.3.Pl.Neut.Nom',0,6),(2706,'PPER.3.Pl.Neut.Gen',0,6),(2707,'PPER.3.Pl.Neut.Dat',0,6),(2708,'PPER.3.Pl.Neut.Akk',0,6),(2709,'PPER.3.Pl.Neut.*',1,6),(2710,'PPER.3.Pl.*.Nom',0,6),(2711,'PPER.3.Pl.*.Gen',0,6),(2712,'PPER.3.Pl.*.Dat',0,6),(2713,'PPER.3.Pl.*.Akk',0,6),(2714,'PPER.3.Pl.*.*',1,6),(2715,'PPER.3.*.Masc.Nom',1,6),(2716,'PPER.3.*.Masc.Gen',1,6),(2717,'PPER.3.*.Masc.Dat',1,6),(2718,'PPER.3.*.Masc.Akk',1,6),(2719,'PPER.3.*.Masc.*',1,6),(2720,'PPER.3.*.Fem.Nom',1,6),(2721,'PPER.3.*.Fem.Gen',1,6),(2722,'PPER.3.*.Fem.Dat',1,6),(2723,'PPER.3.*.Fem.Akk',1,6),(2724,'PPER.3.*.Fem.*',1,6),(2725,'PPER.3.*.Neut.Nom',1,6),(2726,'PPER.3.*.Neut.Gen',1,6),(2727,'PPER.3.*.Neut.Dat',1,6),(2728,'PPER.3.*.Neut.Akk',1,6),(2729,'PPER.3.*.Neut.*',1,6),(2730,'PPER.3.*.*.Nom',1,6),(2731,'PPER.3.*.*.Gen',1,6),(2732,'PPER.3.*.*.Dat',1,6),(2733,'PPER.3.*.*.Akk',1,6),(2734,'PPER.3.*.*.*',1,6),(2735,'PPER.*.Sg.Masc.Nom',1,6),(2736,'PPER.*.Sg.Masc.Gen',1,6),(2737,'PPER.*.Sg.Masc.Dat',1,6),(2738,'PPER.*.Sg.Masc.Akk',1,6),(2739,'PPER.*.Sg.Masc.*',1,6),(2740,'PPER.*.Sg.Fem.Nom',1,6),(2741,'PPER.*.Sg.Fem.Gen',1,6),(2742,'PPER.*.Sg.Fem.Dat',1,6),(2743,'PPER.*.Sg.Fem.Akk',1,6),(2744,'PPER.*.Sg.Fem.*',1,6),(2745,'PPER.*.Sg.Neut.Nom',1,6),(2746,'PPER.*.Sg.Neut.Gen',1,6),(2747,'PPER.*.Sg.Neut.Dat',1,6),(2748,'PPER.*.Sg.Neut.Akk',1,6),(2749,'PPER.*.Sg.Neut.*',1,6),(2750,'PPER.*.Sg.*.Nom',1,6),(2751,'PPER.*.Sg.*.Gen',1,6),(2752,'PPER.*.Sg.*.Dat',1,6),(2753,'PPER.*.Sg.*.Akk',1,6),(2754,'PPER.*.Sg.*.*',1,6),(2755,'PPER.*.Pl.Masc.Nom',1,6),(2756,'PPER.*.Pl.Masc.Gen',1,6),(2757,'PPER.*.Pl.Masc.Dat',1,6),(2758,'PPER.*.Pl.Masc.Akk',1,6),(2759,'PPER.*.Pl.Masc.*',1,6),(2760,'PPER.*.Pl.Fem.Nom',1,6),(2761,'PPER.*.Pl.Fem.Gen',1,6),(2762,'PPER.*.Pl.Fem.Dat',1,6),(2763,'PPER.*.Pl.Fem.Akk',1,6),(2764,'PPER.*.Pl.Fem.*',1,6),(2765,'PPER.*.Pl.Neut.Nom',1,6),(2766,'PPER.*.Pl.Neut.Gen',1,6),(2767,'PPER.*.Pl.Neut.Dat',1,6),(2768,'PPER.*.Pl.Neut.Akk',1,6),(2769,'PPER.*.Pl.Neut.*',1,6),(2770,'PPER.*.Pl.*.Nom',1,6),(2771,'PPER.*.Pl.*.Gen',1,6),(2772,'PPER.*.Pl.*.Dat',1,6),(2773,'PPER.*.Pl.*.Akk',1,6),(2774,'PPER.*.Pl.*.*',1,6),(2775,'PPER.*.*.Masc.Nom',1,6),(2776,'PPER.*.*.Masc.Gen',1,6),(2777,'PPER.*.*.Masc.Dat',1,6),(2778,'PPER.*.*.Masc.Akk',1,6),(2779,'PPER.*.*.Masc.*',1,6),(2780,'PPER.*.*.Fem.Nom',1,6),(2781,'PPER.*.*.Fem.Gen',1,6),(2782,'PPER.*.*.Fem.Dat',1,6),(2783,'PPER.*.*.Fem.Akk',1,6),(2784,'PPER.*.*.Fem.*',1,6),(2785,'PPER.*.*.Neut.Nom',1,6),(2786,'PPER.*.*.Neut.Gen',1,6),(2787,'PPER.*.*.Neut.Dat',1,6),(2788,'PPER.*.*.Neut.Akk',1,6),(2789,'PPER.*.*.Neut.*',1,6),(2790,'PPER.*.*.*.Nom',1,6),(2791,'PPER.*.*.*.Gen',1,6),(2792,'PPER.*.*.*.Dat',1,6),(2793,'PPER.*.*.*.Akk',1,6),(2794,'PPER.*.*.*.*',0,6),(2795,'APZR',0,6),(2796,'Start',0,7),(2797,'Middle',0,7),(2798,'End',0,7),(2799,'$PUNC',0,8),(2800,'ADJ',0,8),(2801,'ADV',0,8),(2802,'AP',0,8),(2803,'ART',0,8),(2804,'CARD',0,8),(2805,'FM',0,8),(2806,'ITJ',0,8),(2807,'KO',0,8),(2808,'NOUN',0,8),(2809,'PRON',0,8),(2810,'PTK',0,8),(2811,'VERB',0,8),(2812,'XY',0,8),(2813,'ab',0,9),(2814,'abend',0,9),(2815,'aber',0,9),(2816,'abgefangen',0,9),(2817,'abweisend',0,9),(2818,'acht',0,9),(2819,'achtete',0,9),(2820,'ähnlich',0,9),(2821,'alle',0,9),(2822,'allein',0,9),(2823,'allem',0,9),(2824,'allen',0,9),(2825,'allerdings',0,9),(2826,'alles',0,9),(2827,'allzulange',0,9),(2828,'als',0,9),(2829,'also',0,9),(2830,'alte',0,9),(2831,'alten',0,9),(2832,'älteren',0,9),(2833,'am',0,9),(2834,'an',0,9),(2835,'anblick',0,9),(2836,'andere',0,9),(2837,'anderen',0,9),(2838,'anderes',0,9),(2839,'andern',0,9),(2840,'anerkannte',0,9),(2841,'anforderungen',0,9),(2842,'angebot',0,9),(2843,'angebotes',0,9),(2844,'angelegt',0,9),(2845,'angesprochen',0,9),(2846,'angestellte',0,9),(2847,'angezogen',0,9),(2848,'anliegendes',0,9),(2849,'anna',0,9),(2850,'annehmen',0,9),(2851,'anruf',0,9),(2852,'ansehen',0,9),(2853,'antworten',0,9),(2854,'antwortete',0,9),(2855,'anwesenheit',0,9),(2856,'anziehen',0,9),(2857,'apfel',0,9),(2858,'ärger',0,9),(2859,'auch',0,9),(2860,'auf',0,9),(2861,'aufbewahren',0,9),(2862,'aufbewahrte',0,9),(2863,'aufblickte',0,9),(2864,'auffallend',0,9),(2865,'aufgeschreckt',0,9),(2866,'aufmerksamkeit',0,9),(2867,'aufrecht',0,9),(2868,'aufregung',0,9),(2869,'auftrag',0,9),(2870,'augenblick',0,9),(2871,'aus',0,9),(2872,'ausfallen',0,9),(2873,'auskennen',0,9),(2874,'ausschicken',0,9),(2875,'außer',0,9),(2876,'außerdem',0,9),(2877,'äußerst',0,9),(2878,'bank',0,9),(2879,'bat',0,9),(2880,'bauch',0,9),(2881,'beantworten',0,9),(2882,'beaufsichtigungsrecht',0,9),(2883,'bedeutend',0,9),(2884,'bedeutungsvollen',0,9),(2885,'befremdet',0,9),(2886,'begreiflich',0,9),(2887,'behandelt',0,9),(2888,'behauptet',0,9),(2889,'behörde',0,9),(2890,'behörden',0,9),(2891,'bei',0,9),(2892,'beide',0,9),(2893,'beiden',0,9),(2894,'beim',0,9),(2895,'bekämen',0,9),(2896,'bekanntschaft',0,9),(2897,'bekommen',0,9),(2898,'benannten',0,9),(2899,'benommen',0,9),(2900,'beobachtete',0,9),(2901,'bereit',0,9),(2902,'besaß',0,9),(2903,'beschränktheit',0,9),(2904,'besonders',0,9),(2905,'besser',0,9),(2906,'bestand',0,9),(2907,'bestanden',0,9),(2908,'bestechung',0,9),(2909,'besteht',0,9),(2910,'bestellt',0,9),(2911,'bestimmte',0,9),(2912,'bestimmung',0,9),(2913,'beteiligt',0,9),(2914,'betreffende',0,9),(2915,'bett',0,9),(2916,'bevölkerung',0,9),(2917,'bewegung',0,9),(2918,'bewußtsein',0,9),(2919,'bezahlt',0,9),(2920,'bis',0,9),(2921,'bissen',0,9),(2922,'bleiben',0,9),(2923,'blick',0,9),(2924,'blicke',0,9),(2925,'blicken',0,9),(2926,'bloß',0,9),(2927,'böses',0,9),(2928,'brachte',0,9),(2929,'brauchte',0,9),(2930,'bringen',0,9),(2931,'buch',0,9),(2932,'butterbrot',0,9),(2933,'da',0,9),(2934,'dachte',0,9),(2935,'dadurch',0,9),(2936,'dafür',0,9),(2937,'dann',0,9),(2938,'daran',0,9),(2939,'darauf',0,9),(2940,'darf',0,9),(2941,'darin',0,9),(2942,'darüber',0,9),(2943,'das',0,9),(2944,'daß',0,9),(2945,'dauern',0,9),(2946,'dazu',0,9),(2947,'decken',0,9),(2948,'dem',0,9),(2949,'den',0,9),(2950,'denen',0,9),(2951,'denn',0,9),(2952,'depot',0,9),(2953,'der',0,9),(2954,'derartige',0,9),(2955,'deren',0,9),(2956,'des',0,9),(2957,'deshalb',0,9),(2958,'dicken',0,9),(2959,'die',0,9),(2960,'dienen',0,9),(2961,'dienst',0,9),(2962,'dienstmänner',0,9),(2963,'diese',0,9),(2964,'diesem',0,9),(2965,'diesen',0,9),(2966,'dieser',0,9),(2967,'dieses',0,9),(2968,'diesmal',0,9),(2969,'dingen',0,9),(2970,'doch',0,9),(2971,'dort',0,9),(2972,'dreißigster',0,9),(2973,'drohte',0,9),(2974,'drüben',0,9),(2975,'dummheit',0,9),(2976,'durch',0,9),(2977,'dürfen',0,9),(2978,'ebenbürtigen',0,9),(2979,'ehe',0,9),(2980,'éhe',0,9),(2981,'êhe',0,9),(2982,'éhê',0,9),(2983,'eigentlich',0,9),(2984,'eilig',0,9),(2985,'ein',0,9),(2986,'einbürgern',0,9),(2987,'eine',0,9),(2988,'einem',0,9),(2989,'einen',0,9),(2990,'einer',0,9),(2991,'eines',0,9),(2992,'einfachste',0,9),(2993,'eingeleitet',0,9),(2994,'einige',0,9),(2995,'einmal',0,9),(2996,'einnahm',0,9),(2997,'einschleichen',0,9),(2998,'einsehen',0,9),(2999,'eintrat',0,9),(3000,'eintreten',0,9),(3001,'eintritt',0,9),(3002,'einziges',0,9),(3003,'einzusehen',0,9),(3004,'ende',0,9),(3005,'entfernt',0,9),(3006,'entgegenkommen',0,9),(3007,'entscheidet',0,9),(3008,'entschlossen',0,9),(3009,'entschuldigt',0,9),(3010,'entschuldigung',0,9),(3011,'er',0,9),(3012,'erblickte',0,9),(3013,'erfahren',0,9),(3014,'erfahrungen',0,9),(3015,'erfahrungsgemäß',0,9),(3016,'ergebnis',0,9),(3017,'erinnerte',0,9),(3018,'erkannt',0,9),(3019,'erkannte',0,9),(3020,'erlös',0,9),(3021,'erlöse',0,9),(3022,'ersatz',0,9),(3023,'erscheinung',0,9),(3024,'erschien',0,9),(3025,'erst',0,9),(3026,'ersten',0,9),(3027,'erstens',0,9),(3028,'es',0,9),(3029,'etwa',0,9),(3030,'etwas',0,9),(3031,'fähig',0,9),(3032,'fall',0,9),(3033,'fälle',0,9),(3034,'falls',0,9),(3035,'falten',0,9),(3036,'fand',0,9),(3037,'fangen',0,9),(3038,'faßte',0,9),(3039,'fast',0,9),(3040,'fenster',0,9),(3041,'fest',0,9),(3042,'festzustellen',0,9),(3043,'fiel',0,9),(3044,'finden',0,9),(3045,'folgen',0,9),(3046,'folgenden',0,9),(3047,'folgte',0,9),(3048,'förmlich',0,9),(3049,'frage',0,9),(3050,'fragen',0,9),(3051,'fragte',0,9),(3052,'franz',0,9),(3053,'frau',0,9),(3054,'frei',0,9),(3055,'freie',0,9),(3056,'freien',0,9),(3057,'freiwillig',0,9),(3058,'fremde',0,9),(3059,'fremden',0,9),(3060,'freunden',0,9),(3061,'freundlich',0,9),(3062,'freundschaftlich',0,9),(3063,'friede',0,9),(3064,'früh',0,9),(3065,'früher',0,9),(3066,'frühstück',0,9),(3067,'frühstücks',0,9),(3068,'fügen',0,9),(3069,'fügte',0,9),(3070,'fühlen',0,9),(3071,'fühlte',0,9),(3072,'führen',0,9),(3073,'führte',0,9),(3074,'für',0,9),(3075,'gäbe',0,9),(3076,'ganz',0,9),(3077,'ganze',0,9),(3078,'ganzen',0,9),(3079,'gar',0,9),(3080,'gebaut',0,9),(3081,'geben',0,9),(3082,'geburtsschein',0,9),(3083,'geburtstag',0,9),(3084,'gedachte',0,9),(3085,'gedanken',0,9),(3086,'gedankengang',0,9),(3087,'gedrehter',0,9),(3088,'gefahr',0,9),(3089,'gefallen',0,9),(3090,'gefühl',0,9),(3091,'gegen',0,9),(3092,'gegenüber',0,9),(3093,'gegenüberliegende',0,9),(3094,'gegenüberliegenden',0,9),(3095,'gegenwart',0,9),(3096,'gehe',0,9),(3097,'gehen',0,9),(3098,'gehörten',0,9),(3099,'geistige',0,9),(3100,'gelächter',0,9),(3101,'gelassen',0,9),(3102,'geld',0,9),(3103,'genannt',0,9),(3104,'genau',0,9),(3105,'gerade',0,9),(3106,'gering',0,9),(3107,'geringe',0,9),(3108,'geringfügig',0,9),(3109,'geringste',0,9),(3110,'geringsten',0,9),(3111,'geschehen',0,9),(3112,'geschwätz',0,9),(3113,'gesehen',0,9),(3114,'gesetz',0,9),(3115,'gesetze',0,9),(3116,'gesicht',0,9),(3117,'gestellt',0,9),(3118,'gestern',0,9),(3119,'gestraft',0,9),(3120,'getan',0,9),(3121,'getreten',0,9),(3122,'getrieben',0,9),(3123,'gewesen',0,9),(3124,'gewissen',0,9),(3125,'gewisser',0,9),(3126,'gewissermaßen',0,9),(3127,'gewohnheit',0,9),(3128,'gewußt',0,9),(3129,'gezerrt',0,9),(3130,'gibt',0,9),(3131,'ging',0,9),(3132,'gläschen',0,9),(3133,'glauben',0,9),(3134,'gleich',0,9),(3135,'gleichen',0,9),(3136,'gleichzeitig',0,9),(3137,'glück',0,9),(3138,'gnade',0,9),(3139,'grade',0,9),(3140,'greis',0,9),(3141,'greisenhafter',0,9),(3142,'groben',0,9),(3143,'große',0,9),(3144,'großen',0,9),(3145,'großer',0,9),(3146,'grubach',0,9),(3147,'grund',0,9),(3148,'gründe',0,9),(3149,'gründen',0,9),(3150,'gunsten',0,9),(3151,'günstig',0,9),(3152,'gürtel',0,9),(3153,'gut',0,9),(3154,'guten',0,9),(3155,'habe',0,9),(3156,'haben',0,9),(3157,'halb',0,9),(3158,'halten',0,9),(3159,'hand',0,9),(3160,'hast',0,9),(3161,'hat',0,9),(3162,'hatte',0,9),(3163,'hätte',0,9),(3164,'hatten',0,9),(3165,'hätten',0,9),(3166,'hauptveränderung',0,9),(3167,'heißt',0,9),(3168,'hemd',0,9),(3169,'herrschte',0,9),(3170,'heute',0,9),(3171,'hielt',0,9),(3172,'hier',0,9),(3173,'hierbleiben',0,9),(3174,'hin',0,9),(3175,'hinaus',0,9),(3176,'hindern',0,9),(3177,'hinnehmen',0,9),(3178,'hinsicht',0,9),(3179,'hinter',0,9),(3180,'hinweg',0,9),(3181,'hinzu',0,9),(3182,'hoch',0,9),(3183,'hoffe',0,9),(3184,'höhe',0,9),(3185,'hohen',0,9),(3186,'honigfäßchen',0,9),(3187,'hört',0,9),(3188,'hörte',0,9),(3189,'hosen',0,9),(3190,'hungrig',0,9),(3191,'ich',0,9),(3192,'ihm',0,9),(3193,'ihn',0,9),(3194,'ihnen',0,9),(3195,'ihr',0,9),(3196,'ihre',0,9),(3197,'ihrem',0,9),(3198,'ihren',0,9),(3199,'ihrer',0,9),(3200,'ihrigen',0,9),(3201,'im',0,9),(3202,'immer',0,9),(3203,'immerhin',0,9),(3204,'imstande',0,9),(3205,'in',0,9),(3206,'infolge',0,9),(3207,'infolgedessen',0,9),(3208,'ins',0,9),(3209,'irgendeine',0,9),(3210,'irgendwie',0,9),(3211,'irrtum',0,9),(3212,'ist',0,9),(3213,'ja',0,9),(3214,'jahr',0,9),(3215,'jeden',0,9),(3216,'jedenfalls',0,9),(3217,'jemand',0,9),(3218,'jemandem',0,9),(3219,'jetzt',0,9),(3220,'josef',0,9),(3221,'kaffeehaus',0,9),(3222,'kaffeetasse',0,9),(3223,'kam',0,9),(3224,'kann',0,9),(3225,'kaum',0,9),(3226,'kein',0,9),(3227,'keine',0,9),(3228,'keinen',0,9),(3229,'kenne',0,9),(3230,'kind',0,9),(3231,'klang',0,9),(3232,'klar',0,9),(3233,'klarer',0,9),(3234,'klarheit',0,9),(3235,'kleid',0,9),(3236,'kleines',0,9),(3237,'klopfte',0,9),(3238,'knapp',0,9),(3239,'knochiges',0,9),(3240,'knöpfen',0,9),(3241,'köchin',0,9),(3242,'kollegen',0,9),(3243,'kommen',0,9),(3244,'komödie',0,9),(3245,'können',0,9),(3246,'konnte',0,9),(3247,'könnte',0,9),(3248,'konnten',0,9),(3249,'kopfkissen',0,9),(3250,'körper',0,9),(3251,'ks',0,9),(3252,'kümmern',0,9),(3253,'lachen',0,9),(3254,'lag',0,9),(3255,'lage',0,9),(3256,'lang',0,9),(3257,'lange',0,9),(3258,'langen',0,9),(3259,'langsamer',0,9),(3260,'längsten',0,9),(3261,'lassen',0,9),(3262,'laut',0,9),(3263,'läutete',0,9),(3264,'lebte',0,9),(3265,'leerte',0,9),(3266,'legitimation',0,9),(3267,'legitimationspapier',0,9),(3268,'legitimationspapiere',0,9),(3269,'leicht',0,9),(3270,'lernen',0,9),(3271,'letzter',0,9),(3272,'letztere',0,9),(3273,'leute',0,9),(3274,'leuten',0,9),(3275,'lieber',0,9),(3276,'ließ',0,9),(3277,'los',0,9),(3278,'lösung',0,9),(3279,'machen',0,9),(3280,'machte',0,9),(3281,'male',0,9),(3282,'man',0,9),(3283,'mann',0,9),(3284,'männer',0,9),(3285,'männern',0,9),(3286,'mannes',0,9),(3287,'marsch',0,9),(3288,'mehr',0,9),(3289,'mehrere',0,9),(3290,'meine',0,9),(3291,'meinen',0,9),(3292,'meldung',0,9),(3293,'menschen',0,9),(3294,'mich',0,9),(3295,'mir',0,9),(3296,'mischte',0,9),(3297,'mit',0,9),(3298,'mitlachen',0,9),(3299,'mitmenschen',0,9),(3300,'mitspielen',0,9),(3301,'mitte',0,9),(3302,'möbeln',0,9),(3303,'mochten',0,9),(3304,'mögen',0,9),(3305,'möglich',0,9),(3306,'möglichen',0,9),(3307,'möglichkeit',0,9),(3308,'möglichst',0,9),(3309,'morgens',0,9),(3310,'mund',0,9),(3311,'muß',0,9),(3312,'müsse',0,9),(3313,'müssen',0,9),(3314,'mußte',0,9),(3315,'mut',0,9),(3316,'nach',0,9),(3317,'nachdenken',0,9),(3318,'nächsten',0,9),(3319,'nachtcafé',0,9),(3320,'nachthemd',0,9),(3321,'nahm',0,9),(3322,'nase',0,9),(3323,'natürlich',0,9),(3324,'natürliche',0,9),(3325,'nebenan',0,9),(3326,'nebenzimmer',0,9),(3327,'nehmen',0,9),(3328,'neigte',0,9),(3329,'neuen',0,9),(3330,'neugierde',0,9),(3331,'nicht',0,9),(3332,'nichts',0,9),(3333,'niedergeworfen',0,9),(3334,'niedrige',0,9),(3335,'niedrigsten',0,9),(3336,'niemals',0,9),(3337,'niemand',0,9),(3338,'noch',0,9),(3339,'nötig',0,9),(3340,'nun',0,9),(3341,'nur',0,9),(3342,'nutzlos',0,9),(3343,'nutzlose',0,9),(3344,'ob',0,9),(3345,'obwohl',0,9),(3346,'oder',0,9),(3347,'offenbar',0,9),(3348,'offene',0,9),(3349,'offenen',0,9),(3350,'öffnete',0,9),(3351,'öfters',0,9),(3352,'ohne',0,9),(3353,'ordnung',0,9),(3354,'organe',0,9),(3355,'paar',0,9),(3356,'packen',0,9),(3357,'papier',0,9),(3358,'papiere',0,9),(3359,'papieren',0,9),(3360,'passendes',0,9),(3361,'person',0,9),(3362,'personen',0,9),(3363,'photographien',0,9),(3364,'porzellan',0,9),(3365,'praktisch',0,9),(3366,'prozeß',0,9),(3367,'prozesse',0,9),(3368,'prüften',0,9),(3369,'radfahrlegitimation',0,9),(3370,'rasch',0,9),(3371,'raschen',0,9),(3372,'rate',0,9),(3373,'raten',0,9),(3374,'raum',0,9),(3375,'recht',0,9),(3376,'rechtsstaat',0,9),(3377,'reden',0,9),(3378,'reiseanzügen',0,9),(3379,'reiße',0,9),(3380,'richtig',0,9),(3381,'richtigen',0,9),(3382,'rief',0,9),(3383,'riß',0,9),(3384,'rücksicht',0,9),(3385,'ruhig',0,9),(3386,'sache',0,9),(3387,'sachen',0,9),(3388,'sagen',0,9),(3389,'sagte',0,9),(3390,'sagten',0,9),(3391,'sah',0,9),(3392,'sahen',0,9),(3393,'sammeln',0,9),(3394,'saß',0,9),(3395,'saßen',0,9),(3396,'schätzte',0,9),(3397,'schaustellung',0,9),(3398,'scheinen',0,9),(3399,'scheint',0,9),(3400,'schien',0,9),(3401,'schlank',0,9),(3402,'schlechteres',0,9),(3403,'schließlich',0,9),(3404,'schlimmer',0,9),(3405,'schlimmste',0,9),(3406,'schlimmsten',0,9),(3407,'schloß',0,9),(3408,'schlug',0,9),(3409,'schmutzigen',0,9),(3410,'schnallen',0,9),(3411,'schnaps',0,9),(3412,'schon',0,9),(3413,'schönen',0,9),(3414,'schreibtischs',0,9),(3415,'schubladen',0,9),(3416,'schuld',0,9),(3417,'schuldlos',0,9),(3418,'schulter',0,9),(3419,'schwarzes',0,9),(3420,'sehen',0,9),(3421,'sehr',0,9),(3422,'sein',0,9),(3423,'seine',0,9),(3424,'seinem',0,9),(3425,'seinen',0,9),(3426,'seiner',0,9),(3427,'seinerseits',0,9),(3428,'seit',0,9),(3429,'seite',0,9),(3430,'seitlich',0,9),(3431,'selbst',0,9),(3432,'sessel',0,9),(3433,'setzen',0,9),(3434,'setzte',0,9),(3435,'sich',0,9),(3436,'sicher',0,9),(3437,'sicherheit',0,9),(3438,'sie',0,9),(3439,'sieht',0,9),(3440,'sind',0,9),(3441,'sinnlos',0,9),(3442,'sinnlosigkeit',0,9),(3443,'sitzgelegenheit',0,9),(3444,'so',0,9),(3445,'sofort',0,9),(3446,'solange',0,9),(3447,'solche',0,9),(3448,'soll',0,9),(3449,'sollte',0,9),(3450,'sondern',0,9),(3451,'sonst',0,9),(3452,'soweit',0,9),(3453,'spaß',0,9),(3454,'später',0,9),(3455,'spitze',0,9),(3456,'sprachen',0,9),(3457,'sprang',0,9),(3458,'sprechen',0,9),(3459,'stand',0,9),(3460,'standen',0,9),(3461,'starker',0,9),(3462,'stehen',0,9),(3463,'stehengeblieben',0,9),(3464,'stellung',0,9),(3465,'stets',0,9),(3466,'stieß',0,9),(3467,'still',0,9),(3468,'stillschweigend',0,9),(3469,'störung',0,9),(3470,'straßenecke',0,9),(3471,'stunden',0,9),(3472,'sucht',0,9),(3473,'suchte',0,9),(3474,'tag',0,9),(3475,'täglich',0,9),(3476,'taschen',0,9),(3477,'tauchte',0,9),(3478,'tischchen',0,9),(3479,'tone',0,9),(3480,'trat',0,9),(3481,'treffen',0,9),(3482,'trieb',0,9),(3483,'trockenes',0,9),(3484,'trotzdem',0,9),(3485,'trug',0,9),(3486,'tun',0,9),(3487,'tür',0,9),(3488,'über',0,9),(3489,'überall',0,9),(3490,'überfüllten',0,9),(3491,'übergewicht',0,9),(3492,'überlegenheit',0,9),(3493,'überlegung',0,9),(3494,'überragte',0,9),(3495,'überzeugung',0,9),(3496,'übrige',0,9),(3497,'uhr',0,9),(3498,'um',0,9),(3499,'umschlungen',0,9),(3500,'umzubringen',0,9),(3501,'unähnlich',0,9),(3502,'unbedeutende',0,9),(3503,'unbekannten',0,9),(3504,'und',0,9),(3505,'ungewöhnlichen',0,9),(3506,'uns',0,9),(3507,'unser',0,9),(3508,'unsere',0,9),(3509,'unterrichten',0,9),(3510,'unterschied',0,9),(3511,'unterschleife',0,9),(3512,'unvergleichlich',0,9),(3513,'unverständlichen',0,9),(3514,'unvorsichtig',0,9),(3515,'unwahrscheinlichen',0,9),(3516,'veranstaltet',0,9),(3517,'verantworten',0,9),(3518,'verdient',0,9),(3519,'verfahren',0,9),(3520,'verfluchten',0,9),(3521,'verfügen',0,9),(3522,'verfügt',0,9),(3523,'verfügungsrecht',0,9),(3524,'vergessen',0,9),(3525,'verhaftbefehl',0,9),(3526,'verhaftet',0,9),(3527,'verhafteten',0,9),(3528,'verhaftung',0,9),(3529,'verhalten',0,9),(3530,'verhältnismäßig',0,9),(3531,'verkauf',0,9),(3532,'verkauft',0,9),(3533,'verlauf',0,9),(3534,'verlegen',0,9),(3535,'verleumdet',0,9),(3536,'verloren',0,9),(3537,'vernünftig',0,9),(3538,'verringern',0,9),(3539,'versäumte',0,9),(3540,'verschiedenen',0,9),(3541,'verschwand',0,9),(3542,'versehen',0,9),(3543,'versicherte',0,9),(3544,'verstanden',0,9),(3545,'verständigte',0,9),(3546,'verstehen',0,9),(3547,'versuchte',0,9),(3548,'verwirren',0,9),(3549,'verzehrten',0,9),(3550,'verzeihung',0,9),(3551,'viel',0,9),(3552,'vielleicht',0,9),(3553,'vom',0,9),(3554,'von',0,9),(3555,'vor',0,9),(3556,'vorbereitet',0,9),(3557,'vorher',0,9),(3558,'vormittag',0,9),(3559,'vorschrift',0,9),(3560,'vorsicht',0,9),(3561,'vorsichtig',0,9),(3562,'vorsorge',0,9),(3563,'vorteil',0,9),(3564,'vorzimmers',0,9),(3565,'wache',0,9),(3566,'wächter',0,9),(3567,'wächtern',0,9),(3568,'wächters',0,9),(3569,'wagen',0,9),(3570,'wagte',0,9),(3571,'wahr',0,9),(3572,'wahrhaft',0,9),(3573,'wahrscheinlich',0,9),(3574,'wahrte',0,9),(3575,'wandschränkchen',0,9),(3576,'wandte',0,9),(3577,'war',0,9),(3578,'wäre',0,9),(3579,'waren',0,9),(3580,'warf',0,9),(3581,'warten',0,9),(3582,'wartete',0,9),(3583,'warum',0,9),(3584,'was',0,9),(3585,'wäsche',0,9),(3586,'waschtisch',0,9),(3587,'weder',0,9),(3588,'weggehen',0,9),(3589,'weil',0,9),(3590,'weilchen',0,9),(3591,'weise',0,9),(3592,'weit',0,9),(3593,'weiter',0,9),(3594,'weiteres',0,9),(3595,'weitergegeben',0,9),(3596,'weitergehen',0,9),(3597,'weiterhin',0,9),(3598,'welcher',0,9),(3599,'wenden',0,9),(3600,'wenig',0,9),(3601,'weniger',0,9),(3602,'wenigstens',0,9),(3603,'wenn',0,9),(3604,'wer',0,9),(3605,'werde',0,9),(3606,'werden',0,9),(3607,'wichtig',0,9),(3608,'wichtiger',0,9),(3609,'wie',0,9),(3610,'wieder',0,9),(3611,'will',0,9),(3612,'willem',0,9),(3613,'wir',0,9),(3614,'wird',0,9),(3615,'wirkliche',0,9),(3616,'wo',0,9),(3617,'wohl',0,9),(3618,'wohnte',0,9),(3619,'wohnung',0,9),(3620,'wohnzimmer',0,9),(3621,'wollen',0,9),(3622,'wollte',0,9),(3623,'wollten',0,9),(3624,'worden',0,9),(3625,'wort',0,9),(3626,'worte',0,9),(3627,'wovon',0,9),(3628,'wozu',0,9),(3629,'wunderte',0,9),(3630,'wurde',0,9),(3631,'würde',0,9),(3632,'würden',0,9),(3633,'zehn',0,9),(3634,'zehnfache',0,9),(3635,'zeigen',0,9),(3636,'zeit',0,9),(3637,'zerstreuen',0,9),(3638,'zeugin',0,9),(3639,'zimmer',0,9),(3640,'zimmers',0,9),(3641,'zimmervermieterin',0,9),(3642,'zog',0,9),(3643,'zu',0,9),(3644,'zuerst',0,9),(3645,'zukunft',0,9),(3646,'zum',0,9),(3647,'zumindest',0,9),(3648,'zunächst',0,9),(3649,'zur',0,9),(3650,'zurede',0,9),(3651,'zurück',0,9),(3652,'zurückgeben',0,9),(3653,'zurückkam',0,9),(3654,'zusehen',0,9),(3655,'zuversichtlich',0,9),(3656,'zwar',0,9),(3657,'zwei',0,9),(3658,'zweiten',0,9),(3659,'zweites',0,9),(3660,'zwiegespräch',0,9),(3661,'zwischen',0,9),(3662,'s',0,10),(3663,'f',0,10),(3664,'x',0,10),(3665,'Jemand',0,1),(3666,'mußte',0,1),(3667,'Josef',0,1),(3668,'K',0,1),(3669,'.',0,1),(3670,'verleumdet',0,1),(3671,'diffamiert',0,2),(3672,'haben',0,1),(3673,'musste',0,2),(3674,',',0,1),(3675,'jemand',0,3),(3676,'müssen',0,3),(3677,'josef',0,3),(3678,'verleumden',0,3),(3679,'haben',0,3),(3680,'main protagonist',0,5),(3681,'tokenization error',0,4),(3682,'word not in lemma list',0,4),(3683,'foo bar',0,5);
/*!40000 ALTER TABLE `tag` ENABLE KEYS */;
UNLOCK TABLES;

--
-- Dumping data for table `tag_suggestion`
--

LOCK TABLES `tag_suggestion` WRITE;
/*!40000 ALTER TABLE `tag_suggestion` DISABLE KEYS */;
REPLACE INTO `tag_suggestion` (`id`, `score`, `selected`, `source`, `tag_id`, `mod_id`) VALUES (1,NULL,1,'user',3665,250),(2,NULL,1,'user',3666,251),(3,NULL,1,'user',3667,252),(4,NULL,1,'user',3668,253),(5,NULL,1,'user',3669,254),(6,NULL,1,'user',3670,255),(7,NULL,1,'user',3671,255),(8,NULL,1,'user',3664,255),(9,NULL,1,'user',3672,256),(10,NULL,1,'user',3673,251),(11,NULL,1,'user',3662,251),(12,NULL,1,'user',3674,257),(13,NULL,1,'user',2798,257),(14,NULL,1,'user',2796,250),(16,NULL,1,'user',1204,250),(17,NULL,1,'user',2419,251),(18,NULL,1,'user',1634,252),(19,NULL,1,'user',1634,253),(20,NULL,1,'user',2111,255),(21,NULL,1,'user',2470,256),(22,NULL,1,'user',1928,257),(23,NULL,1,'user',3675,250),(24,NULL,1,'user',3676,251),(25,NULL,1,'user',3677,252),(26,NULL,1,'user',3678,255),(27,NULL,1,'user',2811,255),(28,NULL,1,'user',3679,256),(29,NULL,1,'user',2811,256),(30,NULL,1,'user',2809,250),(31,NULL,1,'user',2811,251),(32,NULL,1,'user',2808,252),(33,NULL,1,'user',2808,253),(34,NULL,1,'user',3680,253),(35,NULL,1,'user',2799,257),(36,NULL,1,'user',3681,254),(37,NULL,1,'user',3682,255),(38,NULL,1,'user',3683,255);
/*!40000 ALTER TABLE `tag_suggestion` ENABLE KEYS */;
UNLOCK TABLES;

--
-- Dumping data for table `tagger`
--

LOCK TABLES `tagger` WRITE;
/*!40000 ALTER TABLE `tagger` DISABLE KEYS */;
/*!40000 ALTER TABLE `tagger` ENABLE KEYS */;
UNLOCK TABLES;

--
-- Dumping data for table `tagger2tagset`
--

LOCK TABLES `tagger2tagset` WRITE;
/*!40000 ALTER TABLE `tagger2tagset` DISABLE KEYS */;
/*!40000 ALTER TABLE `tagger2tagset` ENABLE KEYS */;
UNLOCK TABLES;

--
-- Dumping data for table `tagger_locks`
--

LOCK TABLES `tagger_locks` WRITE;
/*!40000 ALTER TABLE `tagger_locks` DISABLE KEYS */;
/*!40000 ALTER TABLE `tagger_locks` ENABLE KEYS */;
UNLOCK TABLES;

--
-- Dumping data for table `tagger_options`
--

LOCK TABLES `tagger_options` WRITE;
/*!40000 ALTER TABLE `tagger_options` DISABLE KEYS */;
/*!40000 ALTER TABLE `tagger_options` ENABLE KEYS */;
UNLOCK TABLES;

--
-- Dumping data for table `tagset`
--

LOCK TABLES `tagset` WRITE;
/*!40000 ALTER TABLE `tagset` DISABLE KEYS */;
REPLACE INTO `tagset` (`id`, `name`, `set_type`, `class`) VALUES (1,'Normalization','open','norm'),(2,'Modernization','open','norm_broad'),(3,'Lemma','open','lemma'),(4,'Comment','open','comment'),(5,'Secondary Comment','open','sec_comment'),(6,'STTS','closed','pos'),(7,'Boundary-Demo','closed','boundary'),(8,'LemmaPOS-Demo','closed','lemmapos'),(9,'Kafka-Wordlist','closed','lemma_sugg'),(10,'Modernization Type','closed','norm_type');
/*!40000 ALTER TABLE `tagset` ENABLE KEYS */;
UNLOCK TABLES;

--
-- Dumping data for table `text`
--

LOCK TABLES `text` WRITE;
/*!40000 ALTER TABLE `text` DISABLE KEYS */;
REPLACE INTO `text` (`id`, `sigle`, `header`, `fullname`, `project_id`, `created`, `creator_id`, `changed`, `changer_id`, `currentmod_id`, `fullfile`) VALUES (1,'fk1','Excerpt from Franz Kafka\'s \"Der Prozeß\", taken from <http://gutenberg.spiegel.de/buch/der-prozess-157/2>.','Kafka unannotated',1,'2016-03-09 12:46:43',2,'0000-00-00 00:00:00',NULL,NULL,NULL),(2,'fk1','Excerpt from Franz Kafka\'s \"Der Prozeß\", taken from <http://gutenberg.spiegel.de/buch/der-prozess-157/2>.','Kafka with demo annotations',1,'2016-03-09 12:47:39',2,'2016-03-09 13:01:18',3,257,NULL),(3,'fk2','','Kafka simple',1,'2016-03-09 12:49:49',2,'0000-00-00 00:00:00',NULL,NULL,NULL),(4,'fka','Excerpt from Franz Kafka\'s \"Der Prozeß\", taken from <http://gutenberg.spiegel.de/buch/der-prozess-157/2>.','Kafka again',3,'2016-03-09 12:50:28',2,'0000-00-00 00:00:00',NULL,NULL,NULL),(5,'fk2_u','','Kafka simple imported by user',1,'2016-03-09 12:51:12',3,'0000-00-00 00:00:00',NULL,NULL,NULL);
/*!40000 ALTER TABLE `text` ENABLE KEYS */;
UNLOCK TABLES;

--
-- Dumping data for table `text2tagset`
--

LOCK TABLES `text2tagset` WRITE;
/*!40000 ALTER TABLE `text2tagset` DISABLE KEYS */;
REPLACE INTO `text2tagset` (`text_id`, `tagset_id`, `complete`) VALUES (1,7,0),(1,4,0),(1,9,0),(1,3,0),(1,8,0),(1,2,0),(1,10,0),(1,1,0),(1,5,0),(1,6,0),(2,7,0),(2,4,0),(2,9,0),(2,3,0),(2,8,0),(2,2,0),(2,10,0),(2,1,0),(2,5,0),(2,6,0),(3,7,0),(3,4,0),(3,9,0),(3,3,0),(3,8,0),(3,2,0),(3,10,0),(3,1,0),(3,5,0),(3,6,0),(4,7,0),(4,4,0),(4,5,0),(4,6,0),(5,7,0),(5,4,0),(5,9,0),(5,3,0),(5,8,0),(5,2,0),(5,10,0),(5,1,0),(5,5,0),(5,6,0);
/*!40000 ALTER TABLE `text2tagset` ENABLE KEYS */;
UNLOCK TABLES;

--
-- Dumping data for table `text2tagset_defaults`
--

LOCK TABLES `text2tagset_defaults` WRITE;
/*!40000 ALTER TABLE `text2tagset_defaults` DISABLE KEYS */;
REPLACE INTO `text2tagset_defaults` (`project_id`, `tagset_id`) VALUES (2,4),(2,3),(2,6),(3,7),(3,4),(3,3),(3,8),(3,9),(3,1),(3,2),(3,10),(3,6),(3,5),(1,7),(1,4),(1,3),(1,8),(1,9),(1,1),(1,2),(1,10),(1,6),(1,5);
/*!40000 ALTER TABLE `text2tagset_defaults` ENABLE KEYS */;
UNLOCK TABLES;

--
-- Dumping data for table `token`
--

LOCK TABLES `token` WRITE;
/*!40000 ALTER TABLE `token` DISABLE KEYS */;
REPLACE INTO `token` (`id`, `text_id`, `trans`, `ordnr`) VALUES (1,1,'',1),(2,1,'Jemand',2),(3,1,'mußte',3),(4,1,'Josef',4),(5,1,'K.',5),(6,1,'verleumdet',6),(7,1,'haben,',7),(8,1,'denn',8),(9,1,'ohne',9),(10,1,'daß',10),(11,1,'er',11),(12,1,'etwas',12),(13,1,'Böses',13),(14,1,'getan',14),(15,1,'hätte,',15),(16,1,'wurde',16),(17,1,'er',17),(18,1,'eines',18),(19,1,'Morgens',19),(20,1,'verhaftet.',20),(21,1,'Die',21),(22,1,'Köchin',22),(23,1,'der',23),(24,1,'Frau',24),(25,1,'Grubach,',25),(26,1,'seiner',26),(27,1,'Zimmervermieterin,',27),(28,1,'die',28),(29,1,'ihm',29),(30,1,'jeden',30),(31,1,'Tag',31),(32,1,'gegen',32),(33,1,'acht',33),(34,1,'Uhr',34),(35,1,'früh',35),(36,1,'das',36),(37,1,'Frühstück',37),(38,1,'brachte,',38),(39,1,'kam',39),(40,1,'diesmal',40),(41,1,'nicht.',41),(42,1,'Das',42),(43,1,'war',43),(44,1,'noch',44),(45,1,'niemals',45),(46,1,'geschehen.',46),(47,1,'K.',47),(48,1,'wartete',48),(49,1,'noch',49),(50,1,'ein',50),(51,1,'Weilchen,',51),(52,1,'sah',52),(53,1,'von',53),(54,1,'seinem',54),(55,1,'Kopfkissen',55),(56,1,'aus',56),(57,1,'die',57),(58,1,'alte',58),(59,1,'Frau,',59),(60,1,'die',60),(61,1,'ihm',61),(62,1,'gegenüber',62),(63,1,'wohnte',63),(64,1,'und',64),(65,1,'die',65),(66,1,'ihn',66),(67,1,'mit',67),(68,1,'einer',68),(69,1,'an',69),(70,1,'ihr',70),(71,1,'ganz',71),(72,1,'ungewöhnlichen',72),(73,1,'Neugierde',73),(74,1,'beobachtete,',74),(75,1,'dann',75),(76,1,'aber,',76),(77,1,'gleichzeitig',77),(78,1,'befremdet',78),(79,1,'und',79),(80,1,'hungrig,',80),(81,1,'läutete',81),(82,1,'er.',82),(83,1,'Sofort',83),(84,1,'klopfte',84),(85,1,'es',85),(86,1,'und',86),(87,1,'ein',87),(88,1,'Mann,',88),(89,1,'den|er',89),(90,1,'in',90),(91,1,'dieser',91),(92,1,'Wohnung',92),(93,1,'noch',93),(94,1,'n|i|e|m|a|l|s',94),(95,1,'gesehen',95),(96,1,'hatte,',96),(97,1,'trat',97),(98,1,'ein.',98),(99,1,'Er',99),(100,1,'war',100),(101,1,'schlank',101),(102,1,'und',102),(103,1,'doch',103),(104,1,'fest',104),(105,1,'ge#baut,',105),(106,1,'er',106),(107,1,'trug',107),(108,1,'ein',108),(109,1,'an#liegendes',109),(110,1,'schwarzes',110),(111,1,'Kleid,',111),(112,1,'das,',112),(113,1,'ähnlich',113),(114,1,'den',114),(115,1,'Reise#an#züg#en,',115),(116,1,'mit',116),(117,1,'verschiedenen',117),(118,1,'Falten,',118),(119,1,'Taschen,',119),(120,1,'Schnallen,',120),(121,1,'Knöpfen',121),(122,1,'und',122),(123,1,'einem',123),(124,1,'Gürtel',124),(125,1,'versehen',125),(126,1,'war',126),(127,1,'und',127),(128,1,'in#folge|dessen,',128),(129,1,'ohne',129),(130,1,'daß',130),(131,1,'man',131),(132,1,'sich',132),(133,1,'dar=über',133),(134,1,'klar',134),(135,1,'wurde,',135),(136,1,'wozu',136),(137,1,'es',137),(138,1,'dienen',138),(139,1,'sollte,',139),(140,1,'be#son#ders|prak#tisch',140),(141,1,'erschien.',141),(142,1,'Es',142),(143,1,'fiel',143),(144,1,'ihm',144),(145,1,'zwar',145),(146,1,'gleich',146),(147,1,'ein,',147),(148,1,'daß',148),(149,1,'er',149),(150,1,'das',150),(151,1,'nicht',151),(152,1,'hätte',152),(153,1,'laut',153),(154,1,'sagen',154),(155,1,'müssen',155),(156,1,'und',156),(157,1,'daß',157),(158,1,'er',158),(159,1,'dadurch|ge#wisser=maßen',159),(160,1,'ein',160),(161,1,'Be(=)aufsichtigungs(=)recht',161),(162,1,'des',162),(163,1,'Fremden',163),(164,1,'anerkannte,',164),(165,1,'aber',165),(166,1,'es',166),(167,1,'*[schein*]',167),(168,1,'schien',168),(169,1,'ihm',169),(170,1,'jetzt',170),(171,1,'nicht',171),(172,1,'wichtig.',172),(173,1,'Wir',173),(174,1,'sind',174),(175,1,'nicht',175),(176,1,'dazu',176),(177,1,'bestellt,',177),(178,1,'Ihnen',178),(179,1,'das',179),(180,1,'zu',180),(181,1,'sagen.',181),(182,1,'Gehen',182),(183,1,'Sie',183),(184,1,'in',184),(185,1,'Ihr',185),(186,1,'Zimmer',186),(187,1,'und',187),(188,1,'warten',188),(189,1,'Sie.',189),(190,1,'Das',190),(191,1,'Verfahren',191),(192,1,'ist',192),(193,1,'nun',193),(194,1,'einmal',194),(195,1,'eingeleitet,',195),(196,1,'und',196),(197,1,'Sie',197),(198,1,'werden',198),(199,1,'alles',199),(200,1,'zur',200),(201,1,'richtigen',201),(202,1,'Zeit',202),(203,1,'erfahren.',203),(204,2,'',1),(205,2,'Jemand',2),(206,2,'mußte',3),(207,2,'Josef',4),(208,2,'K.',5),(209,2,'verleumdet',6),(210,2,'haben,',7),(211,2,'denn',8),(212,2,'ohne',9),(213,2,'daß',10),(214,2,'er',11),(215,2,'etwas',12),(216,2,'Böses',13),(217,2,'getan',14),(218,2,'hätte,',15),(219,2,'wurde',16),(220,2,'er',17),(221,2,'eines',18),(222,2,'Morgens',19),(223,2,'verhaftet.',20),(224,2,'Die',21),(225,2,'Köchin',22),(226,2,'der',23),(227,2,'Frau',24),(228,2,'Grubach,',25),(229,2,'seiner',26),(230,2,'Zimmervermieterin,',27),(231,2,'die',28),(232,2,'ihm',29),(233,2,'jeden',30),(234,2,'Tag',31),(235,2,'gegen',32),(236,2,'acht',33),(237,2,'Uhr',34),(238,2,'früh',35),(239,2,'das',36),(240,2,'Frühstück',37),(241,2,'brachte,',38),(242,2,'kam',39),(243,2,'diesmal',40),(244,2,'nicht.',41),(245,2,'Das',42),(246,2,'war',43),(247,2,'noch',44),(248,2,'niemals',45),(249,2,'geschehen.',46),(250,2,'K.',47),(251,2,'wartete',48),(252,2,'noch',49),(253,2,'ein',50),(254,2,'Weilchen,',51),(255,2,'sah',52),(256,2,'von',53),(257,2,'seinem',54),(258,2,'Kopfkissen',55),(259,2,'aus',56),(260,2,'die',57),(261,2,'alte',58),(262,2,'Frau,',59),(263,2,'die',60),(264,2,'ihm',61),(265,2,'gegenüber',62),(266,2,'wohnte',63),(267,2,'und',64),(268,2,'die',65),(269,2,'ihn',66),(270,2,'mit',67),(271,2,'einer',68),(272,2,'an',69),(273,2,'ihr',70),(274,2,'ganz',71),(275,2,'ungewöhnlichen',72),(276,2,'Neugierde',73),(277,2,'beobachtete,',74),(278,2,'dann',75),(279,2,'aber,',76),(280,2,'gleichzeitig',77),(281,2,'befremdet',78),(282,2,'und',79),(283,2,'hungrig,',80),(284,2,'läutete',81),(285,2,'er.',82),(286,2,'Sofort',83),(287,2,'klopfte',84),(288,2,'es',85),(289,2,'und',86),(290,2,'ein',87),(291,2,'Mann,',88),(292,2,'den|er',89),(293,2,'in',90),(294,2,'dieser',91),(295,2,'Wohnung',92),(296,2,'noch',93),(297,2,'n|i|e|m|a|l|s',94),(298,2,'gesehen',95),(299,2,'hatte,',96),(300,2,'trat',97),(301,2,'ein.',98),(302,2,'Er',99),(303,2,'war',100),(304,2,'schlank',101),(305,2,'und',102),(306,2,'doch',103),(307,2,'fest',104),(308,2,'ge#baut,',105),(309,2,'er',106),(310,2,'trug',107),(311,2,'ein',108),(312,2,'an#liegendes',109),(313,2,'schwarzes',110),(314,2,'Kleid,',111),(315,2,'das,',112),(316,2,'ähnlich',113),(317,2,'den',114),(318,2,'Reise#an#züg#en,',115),(319,2,'mit',116),(320,2,'verschiedenen',117),(321,2,'Falten,',118),(322,2,'Taschen,',119),(323,2,'Schnallen,',120),(324,2,'Knöpfen',121),(325,2,'und',122),(326,2,'einem',123),(327,2,'Gürtel',124),(328,2,'versehen',125),(329,2,'war',126),(330,2,'und',127),(331,2,'in#folge|dessen,',128),(332,2,'ohne',129),(333,2,'daß',130),(334,2,'man',131),(335,2,'sich',132),(336,2,'dar=über',133),(337,2,'klar',134),(338,2,'wurde,',135),(339,2,'wozu',136),(340,2,'es',137),(341,2,'dienen',138),(342,2,'sollte,',139),(343,2,'be#son#ders|prak#tisch',140),(344,2,'erschien.',141),(345,2,'Es',142),(346,2,'fiel',143),(347,2,'ihm',144),(348,2,'zwar',145),(349,2,'gleich',146),(350,2,'ein,',147),(351,2,'daß',148),(352,2,'er',149),(353,2,'das',150),(354,2,'nicht',151),(355,2,'hätte',152),(356,2,'laut',153),(357,2,'sagen',154),(358,2,'müssen',155),(359,2,'und',156),(360,2,'daß',157),(361,2,'er',158),(362,2,'dadurch|ge#wisser=maßen',159),(363,2,'ein',160),(364,2,'Be(=)aufsichtigungs(=)recht',161),(365,2,'des',162),(366,2,'Fremden',163),(367,2,'anerkannte,',164),(368,2,'aber',165),(369,2,'es',166),(370,2,'*[schein*]',167),(371,2,'schien',168),(372,2,'ihm',169),(373,2,'jetzt',170),(374,2,'nicht',171),(375,2,'wichtig.',172),(376,2,'Wir',173),(377,2,'sind',174),(378,2,'nicht',175),(379,2,'dazu',176),(380,2,'bestellt,',177),(381,2,'Ihnen',178),(382,2,'das',179),(383,2,'zu',180),(384,2,'sagen.',181),(385,2,'Gehen',182),(386,2,'Sie',183),(387,2,'in',184),(388,2,'Ihr',185),(389,2,'Zimmer',186),(390,2,'und',187),(391,2,'warten',188),(392,2,'Sie.',189),(393,2,'Das',190),(394,2,'Verfahren',191),(395,2,'ist',192),(396,2,'nun',193),(397,2,'einmal',194),(398,2,'eingeleitet,',195),(399,2,'und',196),(400,2,'Sie',197),(401,2,'werden',198),(402,2,'alles',199),(403,2,'zur',200),(404,2,'richtigen',201),(405,2,'Zeit',202),(406,2,'erfahren.',203),(407,3,'',1),(408,3,'Jemand',2),(409,3,'mußte',3),(410,3,'Josef',4),(411,3,'K.',5),(412,3,'verleumdet',6),(413,3,'haben,',7),(414,3,'denn',8),(415,3,'ohne',9),(416,3,'daß',10),(417,3,'er',11),(418,3,'etwas',12),(419,3,'Böses',13),(420,3,'getan',14),(421,3,'hätte,',15),(422,3,'wurde',16),(423,3,'er',17),(424,3,'eines',18),(425,3,'Morgens',19),(426,3,'verhaftet.',20),(427,3,'Die',21),(428,3,'Köchin',22),(429,3,'der',23),(430,3,'Frau',24),(431,3,'Grubach,',25),(432,3,'seiner',26),(433,3,'Zimmervermieterin,',27),(434,3,'die',28),(435,3,'ihm',29),(436,3,'jeden',30),(437,3,'Tag',31),(438,3,'gegen',32),(439,3,'acht',33),(440,3,'Uhr',34),(441,3,'früh',35),(442,3,'das',36),(443,3,'Frühstück',37),(444,3,'brachte,',38),(445,3,'kam',39),(446,3,'diesmal',40),(447,3,'nicht.',41),(448,4,'',1),(449,4,'Jemand',2),(450,4,'mußte',3),(451,4,'Josef',4),(452,4,'K.',5),(453,4,'verleumdet',6),(454,4,'haben,',7),(455,4,'denn',8),(456,4,'ohne',9),(457,4,'daß',10),(458,4,'er',11),(459,4,'etwas',12),(460,4,'Böses',13),(461,4,'getan',14),(462,4,'hätte,',15),(463,4,'wurde',16),(464,4,'er',17),(465,4,'eines',18),(466,4,'Morgens',19),(467,4,'verhaftet.',20),(468,4,'Die',21),(469,4,'Köchin',22),(470,4,'der',23),(471,4,'Frau',24),(472,4,'Grubach,',25),(473,4,'seiner',26),(474,4,'Zimmervermieterin,',27),(475,4,'die',28),(476,4,'ihm',29),(477,4,'jeden',30),(478,4,'Tag',31),(479,4,'gegen',32),(480,4,'acht',33),(481,4,'Uhr',34),(482,4,'früh',35),(483,4,'das',36),(484,4,'Frühstück',37),(485,4,'brachte,',38),(486,4,'kam',39),(487,4,'diesmal',40),(488,4,'nicht.',41),(489,4,'Das',42),(490,4,'war',43),(491,4,'noch',44),(492,4,'niemals',45),(493,4,'geschehen.',46),(494,4,'K.',47),(495,4,'wartete',48),(496,4,'noch',49),(497,4,'ein',50),(498,4,'Weilchen,',51),(499,4,'sah',52),(500,4,'von',53),(501,4,'seinem',54),(502,4,'Kopfkissen',55),(503,4,'aus',56),(504,4,'die',57),(505,4,'alte',58),(506,4,'Frau,',59),(507,4,'die',60),(508,4,'ihm',61),(509,4,'gegenüber',62),(510,4,'wohnte',63),(511,4,'und',64),(512,4,'die',65),(513,4,'ihn',66),(514,4,'mit',67),(515,4,'einer',68),(516,4,'an',69),(517,4,'ihr',70),(518,4,'ganz',71),(519,4,'ungewöhnlichen',72),(520,4,'Neugierde',73),(521,4,'beobachtete,',74),(522,4,'dann',75),(523,4,'aber,',76),(524,4,'gleichzeitig',77),(525,4,'befremdet',78),(526,4,'und',79),(527,4,'hungrig,',80),(528,4,'läutete',81),(529,4,'er.',82),(530,4,'Sofort',83),(531,4,'klopfte',84),(532,4,'es',85),(533,4,'und',86),(534,4,'ein',87),(535,4,'Mann,',88),(536,4,'den|er',89),(537,4,'in',90),(538,4,'dieser',91),(539,4,'Wohnung',92),(540,4,'noch',93),(541,4,'n|i|e|m|a|l|s',94),(542,4,'gesehen',95),(543,4,'hatte,',96),(544,4,'trat',97),(545,4,'ein.',98),(546,4,'Er',99),(547,4,'war',100),(548,4,'schlank',101),(549,4,'und',102),(550,4,'doch',103),(551,4,'fest',104),(552,4,'ge#baut,',105),(553,4,'er',106),(554,4,'trug',107),(555,4,'ein',108),(556,4,'an#liegendes',109),(557,4,'schwarzes',110),(558,4,'Kleid,',111),(559,4,'das,',112),(560,4,'ähnlich',113),(561,4,'den',114),(562,4,'Reise#an#züg#en,',115),(563,4,'mit',116),(564,4,'verschiedenen',117),(565,4,'Falten,',118),(566,4,'Taschen,',119),(567,4,'Schnallen,',120),(568,4,'Knöpfen',121),(569,4,'und',122),(570,4,'einem',123),(571,4,'Gürtel',124),(572,4,'versehen',125),(573,4,'war',126),(574,4,'und',127),(575,4,'in#folge|dessen,',128),(576,4,'ohne',129),(577,4,'daß',130),(578,4,'man',131),(579,4,'sich',132),(580,4,'dar=über',133),(581,4,'klar',134),(582,4,'wurde,',135),(583,4,'wozu',136),(584,4,'es',137),(585,4,'dienen',138),(586,4,'sollte,',139),(587,4,'be#son#ders|prak#tisch',140),(588,4,'erschien.',141),(589,4,'Es',142),(590,4,'fiel',143),(591,4,'ihm',144),(592,4,'zwar',145),(593,4,'gleich',146),(594,4,'ein,',147),(595,4,'daß',148),(596,4,'er',149),(597,4,'das',150),(598,4,'nicht',151),(599,4,'hätte',152),(600,4,'laut',153),(601,4,'sagen',154),(602,4,'müssen',155),(603,4,'und',156),(604,4,'daß',157),(605,4,'er',158),(606,4,'dadurch|ge#wisser=maßen',159),(607,4,'ein',160),(608,4,'Be(=)aufsichtigungs(=)recht',161),(609,4,'des',162),(610,4,'Fremden',163),(611,4,'anerkannte,',164),(612,4,'aber',165),(613,4,'es',166),(614,4,'*[schein*]',167),(615,4,'schien',168),(616,4,'ihm',169),(617,4,'jetzt',170),(618,4,'nicht',171),(619,4,'wichtig.',172),(620,4,'Wir',173),(621,4,'sind',174),(622,4,'nicht',175),(623,4,'dazu',176),(624,4,'bestellt,',177),(625,4,'Ihnen',178),(626,4,'das',179),(627,4,'zu',180),(628,4,'sagen.',181),(629,4,'Gehen',182),(630,4,'Sie',183),(631,4,'in',184),(632,4,'Ihr',185),(633,4,'Zimmer',186),(634,4,'und',187),(635,4,'warten',188),(636,4,'Sie.',189),(637,4,'Das',190),(638,4,'Verfahren',191),(639,4,'ist',192),(640,4,'nun',193),(641,4,'einmal',194),(642,4,'eingeleitet,',195),(643,4,'und',196),(644,4,'Sie',197),(645,4,'werden',198),(646,4,'alles',199),(647,4,'zur',200),(648,4,'richtigen',201),(649,4,'Zeit',202),(650,4,'erfahren.',203),(651,5,'',1),(652,5,'Jemand',2),(653,5,'mußte',3),(654,5,'Josef',4),(655,5,'K.',5),(656,5,'verleumdet',6),(657,5,'haben,',7),(658,5,'denn',8),(659,5,'ohne',9),(660,5,'daß',10),(661,5,'er',11),(662,5,'etwas',12),(663,5,'Böses',13),(664,5,'getan',14),(665,5,'hätte,',15),(666,5,'wurde',16),(667,5,'er',17),(668,5,'eines',18),(669,5,'Morgens',19),(670,5,'verhaftet.',20),(671,5,'Die',21),(672,5,'Köchin',22),(673,5,'der',23),(674,5,'Frau',24),(675,5,'Grubach,',25),(676,5,'seiner',26),(677,5,'Zimmervermieterin,',27),(678,5,'die',28),(679,5,'ihm',29),(680,5,'jeden',30),(681,5,'Tag',31),(682,5,'gegen',32),(683,5,'acht',33),(684,5,'Uhr',34),(685,5,'früh',35),(686,5,'das',36),(687,5,'Frühstück',37),(688,5,'brachte,',38),(689,5,'kam',39),(690,5,'diesmal',40),(691,5,'nicht.',41);
/*!40000 ALTER TABLE `token` ENABLE KEYS */;
UNLOCK TABLES;

--
-- Dumping data for table `user2project`
--

LOCK TABLES `user2project` WRITE;
/*!40000 ALTER TABLE `user2project` DISABLE KEYS */;
REPLACE INTO `user2project` (`user_id`, `project_id`) VALUES (2,2),(3,2),(2,3),(2,1),(3,1);
/*!40000 ALTER TABLE `user2project` ENABLE KEYS */;
UNLOCK TABLES;

--
-- Dumping data for table `users`
--

LOCK TABLES `users` WRITE;
/*!40000 ALTER TABLE `users` DISABLE KEYS */;
REPLACE INTO `users` (`id`, `name`, `password`, `admin`, `email`, `comment`, `locale`, `lines_per_page`, `lines_context`, `columns_order`, `columns_hidden`, `show_error`, `text_preview`, `lastactive`) VALUES (1,'system','',1,NULL,NULL,'en-US',30,5,NULL,NULL,1,'utf','0000-00-00 00:00:00'),(2,'admin','$2y$12$gEpdLrKipJBmPlCJTpE6KeBqCE2ktbYT0m9GSmh0YzMxLIwkVpiLG',1,NULL,NULL,'de-DE',30,5,NULL,NULL,1,'utf','2016-03-11 16:45:01'),(3,'mustermann','$2y$12$deGvtQ9QHl7BiZNhWehR1.TpDZFD089LHBNLoOTXXE1eGZRwDYxhG',0,'max@mustermann.de','Mitarbeiter','de-DE',42,2,NULL,'token,lemma_sugg,',1,'trans','2016-03-11 15:51:40');
/*!40000 ALTER TABLE `users` ENABLE KEYS */;
UNLOCK TABLES;

--
-- Dumping data for table `versioning`
--

LOCK TABLES `versioning` WRITE;
/*!40000 ALTER TABLE `versioning` DISABLE KEYS */;
REPLACE INTO `versioning` (`id`, `version`, `time`) VALUES (1,'4','2016-03-09 10:48:55');
/*!40000 ALTER TABLE `versioning` ENABLE KEYS */;
UNLOCK TABLES;
/*!40103 SET TIME_ZONE=@OLD_TIME_ZONE */;

/*!40101 SET SQL_MODE=@OLD_SQL_MODE */;
/*!40014 SET FOREIGN_KEY_CHECKS=@OLD_FOREIGN_KEY_CHECKS */;
/*!40101 SET CHARACTER_SET_CLIENT=@OLD_CHARACTER_SET_CLIENT */;
/*!40101 SET CHARACTER_SET_RESULTS=@OLD_CHARACTER_SET_RESULTS */;
/*!40101 SET COLLATION_CONNECTION=@OLD_COLLATION_CONNECTION */;
/*!40111 SET SQL_NOTES=@OLD_SQL_NOTES */;

-- Dump completed on 2016-03-15 17:13:41
